Type,Reservation Day,Check-in Day,Occupancy_duration,Decision,Cancel_Date,Type_Marked
True,2023-01-02,2023-01-02,9,1,,Reservation
True,2023-01-02,2023-01-02,1,1,,Reservation
True,2023-01-02,2023-01-02,1,1,,Reservation
True,2023-01-02,2023-01-02,2,1,,Reservation
True,2023-01-02,2023-01-02,2,1,,Reservation
True,2023-01-02,2023-01-03,3,1,,Reservation
True,2023-01-02,2023-01-03,4,1,,Reservation
True,2023-01-02,2023-01-03,12,1,,Reservation
True,2023-01-02,2023-01-03,2,1,,Reservation
True,2023-01-02,2023-01-04,2,1,,Reservation
True,2023-01-02,2023-01-04,3,1,,Reservation
True,2023-01-02,2023-01-04,14,1,,Reservation
True,2023-01-02,2023-01-04,9,1,,Reservation
True,2023-01-02,2023-01-05,2,1,,Reservation
True,2023-01-02,2023-01-05,2,1,,Reservation
True,2023-01-02,2023-01-05,1,1,,Reservation
True,2023-01-02,2023-01-06,5,1,,Reservation
True,2023-01-02,2023-01-06,1,1,,Reservation
True,2023-01-02,2023-01-06,8,1,,Reservation
True,2023-01-02,2023-01-06,1,1,,Reservation
True,2023-01-02,2023-01-07,4,1,,Reservation
True,2023-01-02,2023-01-07,3,1,,Reservation
True,2023-01-02,2023-01-07,1,1,,Reservation
True,2023-01-02,2023-01-07,2,1,,Reservation
True,2023-01-02,2023-01-07,2,1,,Reservation
True,2023-01-02,2023-01-07,2,1,,Reservation
True,2023-01-02,2023-01-08,4,1,,Reservation
True,2023-01-02,2023-01-08,2,1,,Reservation
True,2023-01-02,2023-01-08,3,1,,Reservation
True,2023-01-02,2023-01-08,1,1,,Reservation
True,2023-01-02,2023-01-08,1,1,,Reservation
True,2023-01-02,2023-01-08,12,1,,Reservation
True,2023-01-02,2023-01-08,5,1,,Reservation
True,2023-01-02,2023-01-09,3,1,,Reservation
True,2023-01-02,2023-01-09,10,1,,Reservation
True,2023-01-02,2023-01-09,3,1,,Reservation
True,2023-01-02,2023-01-09,5,1,,Reservation
True,2023-01-02,2023-01-09,6,1,,Reservation
True,2023-01-02,2023-01-09,4,1,,Reservation
True,2023-01-02,2023-01-10,4,1,,Reservation
True,2023-01-02,2023-01-10,3,1,,Reservation
True,2023-01-02,2023-01-10,1,1,,Reservation
True,2023-01-02,2023-01-11,9,1,,Reservation
True,2023-01-02,2023-01-11,7,1,,Reservation
True,2023-01-02,2023-01-11,2,1,,Reservation
True,2023-01-02,2023-01-11,10,1,,Reservation
True,2023-01-02,2023-01-12,10,1,,Reservation
True,2023-01-02,2023-01-12,1,1,,Reservation
True,2023-01-02,2023-01-12,1,1,,Reservation
True,2023-01-02,2023-01-12,5,1,,Reservation
True,2023-01-02,2023-01-12,2,1,,Reservation
True,2023-01-02,2023-01-12,5,1,,Reservation
True,2023-01-02,2023-01-12,4,1,,Reservation
True,2023-01-02,2023-01-13,3,1,,Reservation
True,2023-01-02,2023-01-13,1,1,,Reservation
True,2023-01-02,2023-01-13,1,1,,Reservation
True,2023-01-02,2023-01-13,12,1,,Reservation
True,2023-01-02,2023-01-13,2,0,2023-01-13,Reservation
True,2023-01-02,2023-01-13,14,1,,Reservation
True,2023-01-02,2023-01-14,11,1,,Reservation
True,2023-01-02,2023-01-14,1,1,,Reservation
True,2023-01-02,2023-01-14,1,1,,Reservation
True,2023-01-02,2023-01-14,6,1,,Reservation
True,2023-01-02,2023-01-15,7,1,,Reservation
True,2023-01-02,2023-01-15,2,1,,Reservation
True,2023-01-02,2023-01-15,1,1,,Reservation
True,2023-01-02,2023-01-15,2,1,,Reservation
True,2023-01-02,2023-01-15,1,1,,Reservation
True,2023-01-02,2023-01-15,1,1,,Reservation
True,2023-01-02,2023-01-15,1,1,,Reservation
True,2023-01-02,2023-01-15,1,1,,Reservation
True,2023-01-02,2023-01-15,5,1,,Reservation
True,2023-01-02,2023-01-15,3,1,,Reservation
True,2023-01-02,2023-01-16,8,1,,Reservation
True,2023-01-02,2023-01-16,1,1,,Reservation
True,2023-01-02,2023-01-16,4,1,,Reservation
True,2023-01-02,2023-01-16,2,1,,Reservation
True,2023-01-02,2023-01-17,1,0,2023-01-17,Reservation
True,2023-01-02,2023-01-17,5,1,,Reservation
True,2023-01-02,2023-01-17,3,1,,Reservation
True,2023-01-02,2023-01-17,3,1,,Reservation
True,2023-01-02,2023-01-17,5,0,2023-01-17,Reservation
True,2023-01-02,2023-01-17,8,1,,Reservation
True,2023-01-02,2023-01-17,1,1,,Reservation
True,2023-01-02,2023-01-18,3,1,,Reservation
True,2023-01-02,2023-01-18,2,1,,Reservation
True,2023-01-02,2023-01-18,1,0,2023-01-14,Reservation
True,2023-01-02,2023-01-18,1,0,2023-01-18,Reservation
True,2023-01-02,2023-01-19,2,0,2023-01-19,Reservation
True,2023-01-02,2023-01-19,4,1,,Reservation
True,2023-01-02,2023-01-20,2,1,,Reservation
True,2023-01-02,2023-01-20,3,1,,Reservation
True,2023-01-02,2023-01-20,1,1,,Reservation
True,2023-01-02,2023-01-20,7,0,2023-01-20,Reservation
True,2023-01-02,2023-01-20,10,0,2023-01-20,Reservation
True,2023-01-02,2023-01-20,12,1,,Reservation
True,2023-01-02,2023-01-20,4,1,,Reservation
True,2023-01-02,2023-01-20,2,1,,Reservation
True,2023-01-02,2023-01-21,3,1,,Reservation
True,2023-01-02,2023-01-21,1,0,2023-01-21,Reservation
True,2023-01-02,2023-01-21,1,1,,Reservation
True,2023-01-02,2023-01-21,7,1,,Reservation
True,2023-01-02,2023-01-21,1,1,,Reservation
True,2023-01-02,2023-01-22,4,0,2023-01-22,Reservation
True,2023-01-02,2023-01-22,1,0,2023-01-21,Reservation
True,2023-01-02,2023-01-22,1,0,2023-01-20,Reservation
True,2023-01-02,2023-01-22,6,1,,Reservation
True,2023-01-02,2023-01-22,2,0,2023-01-20,Reservation
True,2023-01-02,2023-01-22,1,1,,Reservation
True,2023-01-02,2023-01-22,9,1,,Reservation
True,2023-01-02,2023-01-23,4,1,,Reservation
True,2023-01-02,2023-01-23,2,1,,Reservation
True,2023-01-02,2023-01-23,3,1,,Reservation
True,2023-01-02,2023-01-23,1,0,2023-01-23,Reservation
True,2023-01-02,2023-01-23,4,0,2023-01-23,Reservation
True,2023-01-02,2023-01-23,7,1,,Reservation
True,2023-01-02,2023-01-23,10,1,,Reservation
True,2023-01-02,2023-01-24,2,1,,Reservation
True,2023-01-02,2023-01-24,1,0,2023-01-24,Reservation
True,2023-01-02,2023-01-24,14,1,,Reservation
True,2023-01-02,2023-01-24,3,0,2023-01-21,Reservation
True,2023-01-02,2023-01-24,7,1,,Reservation
True,2023-01-02,2023-01-24,4,1,,Reservation
True,2023-01-02,2023-01-25,5,0,2023-01-21,Reservation
True,2023-01-02,2023-01-25,1,0,2023-01-25,Reservation
True,2023-01-02,2023-01-25,8,0,2023-01-22,Reservation
True,2023-01-02,2023-01-25,9,0,2023-01-25,Reservation
True,2023-01-02,2023-01-25,1,0,2023-01-25,Reservation
True,2023-01-04,2023-01-25,2,1,,Reservation
True,2023-01-02,2023-01-26,12,0,2023-01-21,Reservation
True,2023-01-02,2023-01-26,3,1,,Reservation
True,2023-01-02,2023-01-26,2,0,2023-01-25,Reservation
True,2023-01-02,2023-01-26,1,0,2023-01-23,Reservation
True,2023-01-02,2023-01-26,2,1,,Reservation
True,2023-01-02,2023-01-26,5,0,2023-01-17,Reservation
True,2023-01-02,2023-01-26,1,0,2023-01-17,Reservation
True,2023-01-02,2023-01-27,2,0,2023-01-19,Reservation
True,2023-01-02,2023-01-27,1,0,2023-01-18,Reservation
True,2023-01-02,2023-01-28,2,0,2023-01-23,Reservation
True,2023-01-02,2023-01-28,2,0,2023-01-26,Reservation
True,2023-01-02,2023-01-28,3,0,2023-01-17,Reservation
True,2023-01-02,2023-01-28,3,0,2023-01-17,Reservation
True,2023-01-02,2023-01-28,1,0,2023-01-17,Reservation
True,2023-01-02,2023-01-28,2,0,2023-01-23,Reservation
True,2023-01-02,2023-01-29,1,0,2023-01-26,Reservation
True,2023-01-02,2023-01-29,5,0,2023-01-15,Reservation
True,2023-01-03,2023-01-29,1,0,2023-01-25,Reservation
True,2023-01-02,2023-01-29,1,0,2023-01-22,Reservation
True,2023-01-02,2023-01-29,17,0,2023-01-17,Reservation
True,2023-01-02,2023-01-29,14,0,2023-01-19,Reservation
True,2023-01-02,2023-01-30,3,0,2023-01-25,Reservation
True,2023-01-02,2023-01-30,1,0,2023-01-25,Reservation
True,2023-01-02,2023-01-30,3,0,2023-01-13,Reservation
True,2023-01-07,2023-01-30,2,0,2023-01-30,Reservation
True,2023-01-02,2023-01-30,5,0,2023-01-19,Reservation
True,2023-01-02,2023-01-30,3,0,2023-01-24,Reservation
True,2023-01-02,2023-01-30,14,0,2023-01-20,Reservation
True,2023-01-02,2023-02-01,8,0,2023-01-19,Reservation
True,2023-01-02,2023-02-01,1,0,2023-01-24,Reservation
True,2023-01-02,2023-02-01,3,0,2023-01-20,Reservation
True,2023-01-02,2023-02-01,3,0,2023-01-26,Reservation
True,2023-01-02,2023-02-02,10,0,2023-01-14,Reservation
True,2023-01-04,2023-02-02,7,0,2023-01-29,Reservation
True,2023-01-02,2023-02-02,9,0,2023-01-19,Reservation
True,2023-01-02,2023-02-02,6,0,2023-01-17,Reservation
True,2023-01-02,2023-02-02,6,0,2023-01-27,Reservation
True,2023-01-05,2023-02-02,8,0,2023-01-22,Reservation
True,2023-01-02,2023-02-03,5,0,2023-01-18,Reservation
True,2023-01-02,2023-02-03,10,0,2023-01-15,Reservation
True,2023-01-02,2023-02-03,3,0,2023-01-23,Reservation
True,2023-01-02,2023-02-03,4,0,2023-01-16,Reservation
True,2023-01-02,2023-02-03,11,0,2023-01-24,Reservation
True,2023-01-07,2023-02-04,17,0,2023-01-28,Reservation
True,2023-01-07,2023-02-04,11,0,2023-02-04,Reservation
True,2023-01-02,2023-02-04,1,0,2023-01-24,Reservation
True,2023-01-02,2023-02-04,1,0,2023-01-26,Reservation
True,2023-01-02,2023-02-04,2,0,2023-01-10,Reservation
True,2023-01-02,2023-02-04,3,0,2023-01-16,Reservation
True,2023-01-04,2023-02-04,3,0,2023-01-23,Reservation
True,2023-01-02,2023-02-04,2,0,2023-01-16,Reservation
True,2023-01-02,2023-02-05,3,0,2023-01-24,Reservation
True,2023-01-11,2023-02-05,6,0,2023-01-30,Reservation
True,2023-01-04,2023-02-05,1,0,2023-01-24,Reservation
True,2023-01-02,2023-02-06,4,0,2023-01-23,Reservation
True,2023-01-02,2023-02-06,2,0,2023-01-20,Reservation
True,2023-01-02,2023-02-06,3,0,2023-01-24,Reservation
True,2023-01-02,2023-02-06,1,0,2023-01-18,Reservation
True,2023-01-02,2023-02-06,5,0,2023-01-22,Reservation
True,2023-01-03,2023-02-07,6,0,2023-01-22,Reservation
True,2023-01-02,2023-02-07,3,0,2023-01-18,Reservation
True,2023-01-02,2023-02-07,1,0,2023-01-17,Reservation
True,2023-01-07,2023-02-08,4,0,2023-01-20,Reservation
True,2023-01-02,2023-02-09,12,0,2023-01-17,Reservation
True,2023-01-11,2023-02-09,9,0,2023-02-01,Reservation
True,2023-01-02,2023-02-09,1,0,2023-01-22,Reservation
True,2023-01-02,2023-02-09,4,0,2023-01-22,Reservation
True,2023-01-02,2023-02-09,3,0,2023-01-21,Reservation
True,2023-01-03,2023-02-09,1,0,2023-01-23,Reservation
True,2023-01-12,2023-02-10,10,0,2023-01-27,Reservation
True,2023-01-02,2023-02-10,4,0,2023-01-12,Reservation
True,2023-01-02,2023-02-10,1,0,2023-01-15,Reservation
True,2023-01-02,2023-02-10,1,0,2023-01-18,Reservation
True,2023-01-03,2023-02-10,2,0,2023-01-15,Reservation
True,2023-01-05,2023-02-11,4,0,2023-02-07,Reservation
True,2023-01-02,2023-02-11,6,0,2023-01-21,Reservation
True,2023-01-16,2023-02-11,6,0,2023-02-02,Reservation
True,2023-01-06,2023-02-11,7,0,2023-02-05,Reservation
True,2023-01-02,2023-02-11,2,0,2023-01-18,Reservation
True,2023-01-02,2023-02-11,1,0,2023-01-20,Reservation
True,2023-01-02,2023-02-11,1,0,2023-01-23,Reservation
True,2023-01-02,2023-02-12,11,0,2023-01-25,Reservation
True,2023-01-02,2023-02-12,10,0,2023-01-16,Reservation
True,2023-01-02,2023-02-12,15,0,2023-01-27,Reservation
True,2023-01-02,2023-02-12,8,0,2023-01-26,Reservation
True,2023-01-20,2023-02-12,4,0,2023-02-07,Reservation
True,2023-01-15,2023-02-12,1,0,2023-02-11,Reservation
True,2023-01-18,2023-02-12,2,0,2023-02-03,Reservation
True,2023-01-02,2023-02-12,2,0,2023-01-23,Reservation
True,2023-01-08,2023-02-12,1,0,2023-02-02,Reservation
True,2023-01-02,2023-02-13,3,0,2023-01-26,Reservation
True,2023-01-02,2023-02-13,6,0,2023-01-23,Reservation
True,2023-01-02,2023-02-13,6,0,2023-01-20,Reservation
True,2023-01-06,2023-02-13,2,0,2023-01-21,Reservation
True,2023-01-20,2023-02-13,1,1,,Reservation
True,2023-01-02,2023-02-13,2,0,2023-01-26,Reservation
True,2023-01-02,2023-02-14,3,0,2023-01-20,Reservation
True,2023-01-14,2023-02-14,1,0,2023-01-30,Reservation
True,2023-01-20,2023-02-14,14,1,,Reservation
True,2023-01-02,2023-02-14,22,0,2023-01-27,Reservation
True,2023-01-02,2023-02-14,6,0,2023-01-23,Reservation
True,2023-01-11,2023-02-14,2,0,2023-01-29,Reservation
True,2023-01-02,2023-02-14,4,0,2023-01-20,Reservation
True,2023-01-02,2023-02-15,2,0,2023-01-24,Reservation
True,2023-01-02,2023-02-15,3,0,2023-01-25,Reservation
True,2023-01-20,2023-02-15,8,0,2023-02-04,Reservation
True,2023-01-02,2023-02-15,4,0,2023-01-28,Reservation
True,2023-01-02,2023-02-15,2,0,2023-01-16,Reservation
True,2023-01-02,2023-02-15,5,0,2023-01-24,Reservation
True,2023-01-02,2023-02-15,5,0,2023-01-25,Reservation
True,2023-01-02,2023-02-16,1,0,2023-01-18,Reservation
True,2023-01-02,2023-02-16,8,0,2023-01-24,Reservation
True,2023-01-26,2023-02-16,2,1,,Reservation
True,2023-01-02,2023-02-16,4,0,2023-01-25,Reservation
True,2023-01-02,2023-02-16,1,0,2023-02-02,Reservation
True,2023-01-09,2023-02-17,5,0,2023-01-19,Reservation
True,2023-01-02,2023-02-17,1,0,2023-01-26,Reservation
True,2023-01-02,2023-02-17,14,0,2023-01-23,Reservation
True,2023-01-25,2023-02-17,1,0,2023-02-12,Reservation
True,2023-01-02,2023-02-17,6,0,2023-01-13,Reservation
True,2023-01-02,2023-02-17,3,0,2023-01-19,Reservation
True,2023-01-17,2023-02-17,7,0,2023-02-12,Reservation
True,2023-01-11,2023-02-17,12,0,2023-02-07,Reservation
True,2023-01-02,2023-02-18,2,0,2023-01-22,Reservation
True,2023-01-06,2023-02-18,8,0,2023-01-24,Reservation
True,2023-01-02,2023-02-18,1,0,2023-01-25,Reservation
True,2023-01-02,2023-02-18,6,0,2023-01-25,Reservation
True,2023-01-20,2023-02-18,1,0,2023-02-16,Reservation
True,2023-01-02,2023-02-18,1,0,2023-01-24,Reservation
True,2023-01-02,2023-02-18,3,0,2023-01-18,Reservation
True,2023-01-25,2023-02-19,2,0,2023-02-14,Reservation
True,2023-01-02,2023-02-19,2,0,2023-01-23,Reservation
True,2023-01-27,2023-02-19,3,0,2023-02-19,Reservation
True,2023-01-15,2023-02-19,18,0,2023-02-17,Reservation
True,2023-01-02,2023-02-19,4,0,2023-01-21,Reservation
True,2023-01-28,2023-02-20,1,0,2023-02-18,Reservation
True,2023-01-02,2023-02-20,7,0,2023-01-16,Reservation
True,2023-01-20,2023-02-20,1,0,2023-02-19,Reservation
True,2023-01-02,2023-02-21,3,0,2023-01-23,Reservation
True,2023-01-02,2023-02-21,6,0,2023-01-16,Reservation
True,2023-01-02,2023-02-21,5,0,2023-01-19,Reservation
True,2023-01-02,2023-02-21,6,0,2023-01-16,Reservation
True,2023-01-02,2023-02-21,1,0,2023-01-24,Reservation
True,2023-01-16,2023-02-21,3,0,2023-02-10,Reservation
True,2023-01-06,2023-02-21,2,0,2023-01-30,Reservation
True,2023-01-03,2023-02-22,9,0,2023-01-14,Reservation
True,2023-01-02,2023-02-22,10,0,2023-01-19,Reservation
True,2023-01-02,2023-02-22,4,0,2023-01-24,Reservation
True,2023-01-02,2023-02-22,1,0,2023-01-18,Reservation
True,2023-01-02,2023-02-22,1,0,2023-01-13,Reservation
True,2023-01-02,2023-02-23,2,0,2023-01-21,Reservation
True,2023-01-14,2023-02-23,6,0,2023-02-03,Reservation
True,2023-01-19,2023-02-23,1,0,2023-02-11,Reservation
True,2023-01-02,2023-02-23,2,0,2023-01-14,Reservation
True,2023-01-02,2023-02-23,5,0,2023-01-19,Reservation
True,2023-01-23,2023-02-23,1,0,2023-02-11,Reservation
True,2023-02-01,2023-02-24,4,1,,Reservation
True,2023-02-02,2023-02-24,1,0,2023-02-24,Reservation
True,2023-01-02,2023-02-24,2,0,2023-01-26,Reservation
True,2023-01-07,2023-02-24,3,0,2023-01-28,Reservation
True,2023-01-02,2023-02-24,1,0,2023-01-27,Reservation
True,2023-01-22,2023-02-24,5,0,2023-02-06,Reservation
True,2023-01-02,2023-02-25,8,0,2023-01-21,Reservation
True,2023-01-02,2023-02-25,9,0,2023-02-02,Reservation
True,2023-02-03,2023-02-25,11,1,,Reservation
True,2023-01-02,2023-02-25,1,0,2023-01-30,Reservation
True,2023-01-02,2023-02-26,3,0,2023-01-16,Reservation
True,2023-01-02,2023-02-26,4,0,2023-01-20,Reservation
True,2023-01-17,2023-02-26,5,0,2023-02-11,Reservation
True,2023-01-18,2023-02-27,2,0,2023-02-03,Reservation
True,2023-01-11,2023-02-27,2,0,2023-02-08,Reservation
True,2023-01-24,2023-02-27,1,0,2023-02-19,Reservation
True,2023-01-10,2023-02-27,2,0,2023-02-07,Reservation
True,2023-01-06,2023-02-27,3,0,2023-01-20,Reservation
True,2023-01-13,2023-02-27,4,0,2023-01-25,Reservation
True,2023-01-26,2023-02-28,1,0,2023-02-14,Reservation
True,2023-01-02,2023-02-28,1,0,2023-01-23,Reservation
True,2023-01-17,2023-02-28,1,0,2023-02-02,Reservation
True,2023-01-20,2023-02-28,7,0,2023-02-05,Reservation
True,2023-01-20,2023-02-28,4,0,2023-02-06,Reservation
True,2023-01-08,,5,0,2023-01-20,Reservation
True,2023-01-06,,2,0,2023-02-02,Reservation
True,2023-01-07,,1,0,2023-01-26,Reservation
True,2023-01-02,,10,0,2023-01-25,Reservation
True,2023-01-24,,7,0,2023-02-10,Reservation
True,2023-01-02,,1,0,2023-02-03,Reservation
True,2023-01-30,,6,0,2023-02-13,Reservation
True,2023-01-27,,1,0,2023-02-23,Reservation
True,2023-01-08,,2,0,2023-02-06,Reservation
True,2023-01-05,,3,0,2023-01-27,Reservation
True,2023-01-02,2023-03-01,4,0,2023-01-18,Reservation
True,2023-02-06,2023-03-01,1,1,,Reservation
True,2023-01-30,2023-03-01,2,0,2023-02-17,Reservation
True,2023-01-10,2023-03-01,1,0,2023-01-29,Reservation
True,2023-01-27,2023-03-01,4,0,2023-02-19,Reservation
True,2023-01-22,2023-03-01,2,0,2023-02-22,Reservation
True,2023-01-02,2023-03-02,1,0,2023-01-22,Reservation
True,2023-02-06,2023-03-02,3,0,2023-02-18,Reservation
True,2023-01-21,2023-03-02,5,0,2023-02-05,Reservation
True,2023-01-02,2023-03-02,11,0,2023-01-20,Reservation
True,2023-01-02,2023-03-02,3,0,2023-01-22,Reservation
True,2023-02-04,2023-03-02,7,0,2023-02-22,Reservation
True,2023-01-22,2023-03-03,1,0,2023-02-02,Reservation
True,2023-01-20,2023-03-03,3,0,2023-02-12,Reservation
True,2023-01-13,2023-03-03,11,0,2023-02-03,Reservation
True,2023-01-20,2023-03-04,1,0,2023-02-09,Reservation
True,2023-01-24,2023-03-04,15,0,2023-02-12,Reservation
True,2023-01-02,2023-03-04,11,0,2023-01-22,Reservation
True,2023-01-08,2023-03-04,6,0,2023-01-15,Reservation
True,2023-02-05,2023-03-04,2,0,2023-02-25,Reservation
True,2023-02-12,2023-03-04,1,1,,Reservation
True,2023-01-07,2023-03-05,1,0,2023-01-22,Reservation
True,2023-02-11,2023-03-05,7,0,2023-03-03,Reservation
True,2023-02-11,2023-03-05,21,0,2023-02-28,Reservation
True,2023-02-08,2023-03-05,2,0,2023-02-25,Reservation
True,2023-01-04,2023-03-05,1,0,2023-01-16,Reservation
True,2023-01-08,2023-03-05,3,0,2023-02-02,Reservation
True,2023-01-22,2023-03-06,7,0,2023-02-09,Reservation
True,2023-02-15,2023-03-06,2,1,,Reservation
True,2023-02-08,2023-03-06,4,0,2023-02-15,Reservation
True,2023-02-15,2023-03-06,2,1,,Reservation
True,2023-01-18,2023-03-07,1,0,2023-02-07,Reservation
True,2023-01-25,2023-03-07,2,0,2023-02-23,Reservation
True,2023-01-02,2023-03-07,9,0,2023-01-18,Reservation
True,2023-01-06,2023-03-07,3,0,2023-02-01,Reservation
True,2023-01-02,2023-03-07,1,0,2023-02-02,Reservation
True,2023-01-08,2023-03-07,9,0,2023-01-24,Reservation
True,2023-01-11,2023-03-07,1,0,2023-02-03,Reservation
True,2023-01-06,2023-03-08,1,0,2023-01-22,Reservation
True,2023-02-17,2023-03-08,13,1,,Reservation
True,2023-01-27,2023-03-08,2,0,2023-02-20,Reservation
True,2023-01-10,2023-03-09,6,0,2023-02-05,Reservation
True,2023-02-18,2023-03-09,1,1,,Reservation
True,2023-01-14,2023-03-10,6,0,2023-02-01,Reservation
True,2023-01-02,2023-03-10,7,0,2023-01-22,Reservation
True,2023-01-02,2023-03-10,4,0,2023-01-25,Reservation
True,2023-01-11,2023-03-10,1,0,2023-02-03,Reservation
True,2023-01-02,2023-03-10,2,0,2023-01-13,Reservation
True,2023-01-02,2023-03-11,5,0,2023-01-12,Reservation
True,2023-01-03,2023-03-11,8,0,2023-01-22,Reservation
True,2023-01-07,2023-03-11,3,0,2023-01-28,Reservation
True,2023-01-08,2023-03-11,6,0,2023-01-28,Reservation
True,2023-02-14,2023-03-12,6,0,2023-02-27,Reservation
True,2023-02-09,2023-03-12,3,0,,Reservation
True,2023-01-17,2023-03-12,3,0,2023-02-15,Reservation
True,2023-02-08,2023-03-13,6,0,2023-02-26,Reservation
True,2023-01-06,2023-03-13,1,0,2023-01-21,Reservation
True,2023-01-10,2023-03-13,4,0,2023-02-05,Reservation
True,2023-01-20,2023-03-13,1,0,2023-02-06,Reservation
True,2023-02-21,2023-03-13,6,0,2023-03-10,Reservation
True,2023-02-04,2023-03-13,1,0,2023-02-26,Reservation
True,2023-01-02,2023-03-13,23,0,2023-01-30,Reservation
True,2023-01-17,2023-03-14,2,0,2023-02-05,Reservation
True,2023-02-18,2023-03-14,4,0,2023-03-05,Reservation
True,2023-01-20,2023-03-14,4,0,2023-02-10,Reservation
True,2023-01-18,2023-03-14,5,0,2023-02-11,Reservation
True,2023-01-25,2023-03-14,1,0,2023-02-12,Reservation
True,2023-02-06,2023-03-15,3,0,2023-02-28,Reservation
True,2023-01-12,2023-03-15,26,0,2023-01-25,Reservation
True,2023-01-17,2023-03-15,3,0,2023-02-05,Reservation
True,2023-02-01,2023-03-15,8,0,2023-02-22,Reservation
True,2023-01-21,2023-03-15,4,0,2023-02-03,Reservation
True,2023-02-23,2023-03-15,1,1,,Reservation
True,2023-01-05,2023-03-16,8,0,2023-01-19,Reservation
True,2023-01-09,2023-03-16,3,0,2023-01-28,Reservation
True,2023-01-30,2023-03-16,6,0,2023-02-28,Reservation
True,2023-02-17,2023-03-16,4,0,2023-03-10,Reservation
True,2023-01-02,2023-03-16,1,0,2023-01-28,Reservation
True,2023-02-11,2023-03-17,6,0,2023-02-28,Reservation
True,2023-02-23,2023-03-17,10,0,2023-03-12,Reservation
True,2023-01-26,2023-03-17,3,0,2023-02-17,Reservation
True,2023-01-24,2023-03-17,11,0,2023-02-14,Reservation
True,2023-01-25,2023-03-18,3,0,2023-02-06,Reservation
True,2023-02-21,2023-03-18,1,0,2023-03-16,Reservation
True,2023-02-13,2023-03-18,8,0,2023-02-27,Reservation
True,2023-01-07,2023-03-18,6,0,2023-01-27,Reservation
True,2023-01-16,2023-03-18,4,0,2023-01-30,Reservation
True,2023-02-18,2023-03-18,12,0,2023-02-23,Reservation
True,2023-01-29,2023-03-19,7,0,2023-02-15,Reservation
True,2023-02-19,2023-03-19,2,0,2023-03-05,Reservation
True,2023-01-28,2023-03-19,1,0,2023-02-16,Reservation
True,2023-01-02,2023-03-19,6,0,2023-01-14,Reservation
True,2023-02-25,2023-03-19,3,1,,Reservation
True,2023-01-14,2023-03-20,14,0,2023-01-24,Reservation
True,2023-01-13,2023-03-20,4,0,2023-02-04,Reservation
True,2023-01-13,2023-03-20,3,0,2023-01-26,Reservation
True,2023-01-19,2023-03-20,7,0,2023-02-09,Reservation
True,2023-01-09,2023-03-20,10,0,2023-01-26,Reservation
True,2023-01-09,2023-03-21,7,0,2023-01-26,Reservation
True,2023-01-04,2023-03-21,3,0,2023-01-29,Reservation
True,2023-02-21,2023-03-21,9,0,2023-03-18,Reservation
True,2023-02-21,2023-03-21,1,0,2023-03-19,Reservation
True,2023-01-09,2023-03-21,1,0,2023-01-30,Reservation
True,2023-02-05,2023-03-22,2,0,2023-02-22,Reservation
True,2023-02-22,2023-03-22,5,0,2023-03-16,Reservation
True,2023-02-26,2023-03-22,2,0,2023-03-12,Reservation
True,2023-01-18,2023-03-22,5,0,2023-01-27,Reservation
True,2023-02-11,2023-03-22,8,0,2023-03-01,Reservation
True,2023-02-24,2023-03-22,5,0,2023-03-14,Reservation
True,2023-01-22,2023-03-22,1,0,2023-02-09,Reservation
True,2023-03-01,2023-03-23,2,0,2023-03-23,Reservation
True,2023-01-08,2023-03-23,9,0,2023-02-01,Reservation
True,2023-02-18,2023-03-23,10,0,2023-03-13,Reservation
True,2023-01-30,2023-03-23,1,0,2023-02-25,Reservation
True,2023-02-01,2023-03-23,2,0,2023-02-20,Reservation
True,2023-02-26,2023-03-23,3,0,2023-03-17,Reservation
True,2023-01-07,2023-03-24,6,0,2023-01-27,Reservation
True,2023-01-15,2023-03-24,2,0,2023-02-06,Reservation
True,2023-02-02,2023-03-24,1,0,2023-02-18,Reservation
True,2023-03-03,2023-03-24,3,0,2023-03-14,Reservation
True,2023-02-16,2023-03-24,6,0,2023-03-09,Reservation
True,2023-01-11,2023-03-24,8,0,2023-02-05,Reservation
True,2023-01-18,2023-03-25,1,0,2023-02-09,Reservation
True,2023-01-06,2023-03-25,8,0,2023-01-21,Reservation
True,2023-02-17,2023-03-26,3,0,2023-03-08,Reservation
True,2023-02-01,2023-03-26,9,0,,Reservation
True,2023-02-01,2023-03-26,5,0,2023-02-27,Reservation
True,2023-02-06,2023-03-26,1,0,2023-03-06,Reservation
True,2023-01-10,2023-03-26,4,0,2023-01-29,Reservation
True,2023-02-06,2023-03-26,5,0,2023-02-22,Reservation
True,2023-02-08,2023-03-26,1,0,2023-02-21,Reservation
True,2023-02-20,2023-03-27,1,0,2023-03-08,Reservation
True,2023-01-20,2023-03-27,4,0,2023-02-06,Reservation
True,2023-02-20,2023-03-27,11,0,2023-03-11,Reservation
True,,2023-03-27,2,0,2023-03-16,Reservation
True,2023-01-15,2023-03-27,3,0,2023-02-01,Reservation
True,2023-01-30,2023-03-28,1,0,2023-02-12,Reservation
True,2023-03-04,2023-03-28,4,0,2023-03-22,Reservation
True,2023-02-11,2023-03-28,2,0,2023-02-26,Reservation
True,2023-02-13,2023-03-28,6,0,2023-03-01,Reservation
True,2023-01-13,2023-03-28,5,0,2023-01-29,Reservation
True,2023-02-17,2023-03-28,4,0,2023-03-10,Reservation
True,2023-02-02,2023-03-28,9,0,2023-02-23,Reservation
True,2023-03-01,2023-03-28,10,0,2023-03-15,Reservation
True,2023-03-07,2023-03-28,3,0,2023-03-27,Reservation
True,2023-02-06,2023-03-29,2,0,,Reservation
True,2023-01-28,2023-03-29,3,0,2023-02-20,Reservation
True,2023-02-23,2023-03-29,2,0,2023-03-19,Reservation
True,2023-02-18,2023-03-30,1,0,2023-03-06,Reservation
True,2023-03-02,2023-03-30,9,0,2023-03-28,Reservation
True,2023-02-20,2023-03-30,1,0,2023-03-16,Reservation
True,2023-02-22,2023-03-30,5,0,2023-03-05,Reservation
True,2023-01-12,2023-03-30,3,0,2023-01-29,Reservation
True,2023-03-02,2023-03-30,3,0,2023-03-24,Reservation
True,2023-02-17,2023-03-30,1,0,2023-03-07,Reservation
True,2023-02-17,2023-03-30,1,0,2023-03-05,Reservation
True,2023-02-23,2023-03-30,10,0,2023-03-20,Reservation
True,2023-02-21,2023-04-01,4,0,2023-03-19,Reservation
True,2023-01-26,2023-04-01,8,0,2023-02-27,Reservation
True,2023-02-23,2023-04-01,2,0,2023-03-12,Reservation
True,2023-02-25,2023-04-01,14,0,2023-03-12,Reservation
True,2023-02-20,2023-04-01,4,0,2023-03-20,Reservation
True,2023-02-12,2023-04-01,3,0,2023-02-27,Reservation
True,2023-01-19,2023-04-01,4,0,2023-02-02,Reservation
True,2023-02-18,2023-04-01,1,0,2023-03-10,Reservation
True,2023-02-09,2023-04-01,2,0,,Reservation
True,2023-01-25,2023-04-02,2,0,2023-02-17,Reservation
True,2023-01-16,2023-04-02,1,0,2023-02-05,Reservation
True,2023-01-21,2023-04-02,4,0,2023-02-12,Reservation
True,2023-02-25,2023-04-02,1,0,2023-03-16,Reservation
True,2023-01-23,2023-04-03,3,0,2023-01-30,Reservation
True,2023-01-20,2023-04-03,1,0,2023-02-12,Reservation
True,2023-02-06,2023-04-03,11,0,2023-02-11,Reservation
True,2023-02-15,2023-04-03,5,0,2023-03-01,Reservation
True,2023-02-25,2023-04-03,2,0,2023-03-17,Reservation
True,2023-02-27,2023-04-03,1,0,2023-03-21,Reservation
True,2023-02-26,2023-04-03,1,0,2023-03-18,Reservation
True,2023-01-24,2023-04-03,6,0,2023-02-18,Reservation
True,2023-02-04,2023-04-03,6,0,2023-02-27,Reservation
True,2023-02-07,2023-04-03,1,0,2023-02-26,Reservation
True,2023-01-26,2023-04-04,12,0,2023-02-12,Reservation
True,2023-01-18,2023-04-04,3,0,2023-02-08,Reservation
True,2023-01-27,2023-04-04,5,0,2023-02-12,Reservation
True,2023-02-28,2023-04-05,7,0,2023-03-22,Reservation
True,2023-02-26,2023-04-05,3,0,2023-03-15,Reservation
True,2023-02-07,2023-04-05,16,0,2023-03-03,Reservation
True,2023-02-06,2023-04-06,2,0,2023-02-19,Reservation
True,2023-01-28,2023-04-06,7,0,2023-02-12,Reservation
True,2023-01-30,2023-04-06,2,0,2023-02-20,Reservation
True,,2023-04-06,1,0,2023-03-15,Reservation
True,,2023-04-06,5,0,2023-03-20,Reservation
True,2023-01-27,2023-04-06,1,0,2023-02-12,Reservation
True,2023-02-01,2023-04-07,9,0,2023-02-26,Reservation
True,2023-01-23,2023-04-07,2,0,2023-02-14,Reservation
True,2023-02-18,2023-04-07,2,0,2023-03-05,Reservation
True,2023-02-06,2023-04-07,1,0,,Reservation
True,2023-02-27,2023-04-08,13,0,2023-03-23,Reservation
True,2023-02-22,2023-04-08,3,0,2023-03-04,Reservation
True,2023-03-15,2023-04-08,6,0,2023-03-27,Reservation
True,2023-01-30,2023-04-08,8,0,2023-02-18,Reservation
True,2023-01-26,2023-04-08,1,0,2023-02-26,Reservation
True,2023-02-12,2023-04-08,2,0,2023-03-08,Reservation
True,,2023-04-08,5,0,2023-03-23,Reservation
True,2023-02-06,2023-04-08,1,0,2023-02-21,Reservation
True,2023-02-19,2023-04-09,2,0,2023-03-01,Reservation
True,,2023-04-10,1,0,2023-03-18,Reservation
True,2023-02-24,2023-04-11,14,0,,Reservation
True,2023-02-11,2023-04-11,2,0,2023-03-01,Reservation
True,2023-01-24,2023-04-11,1,0,2023-02-21,Reservation
True,2023-03-05,2023-04-12,6,0,2023-03-18,Reservation
True,2023-03-22,2023-04-12,2,1,,Reservation
True,2023-01-25,2023-04-12,8,0,2023-02-07,Reservation
True,2023-01-29,2023-04-12,7,0,2023-02-07,Reservation
True,2023-03-08,2023-04-13,3,0,2023-03-23,Reservation
True,2023-02-25,2023-04-13,1,0,2023-03-15,Reservation
True,2023-03-12,2023-04-14,1,0,2023-04-03,Reservation
True,2023-02-08,2023-04-14,4,0,,Reservation
True,2023-03-01,2023-04-14,5,0,2023-03-26,Reservation
True,2023-03-16,2023-04-15,1,0,2023-03-30,Reservation
True,2023-01-29,2023-04-15,4,0,2023-02-18,Reservation
True,2023-02-25,2023-04-15,5,0,2023-03-19,Reservation
True,2023-02-28,2023-04-15,4,0,2023-03-14,Reservation
True,2023-03-22,2023-04-15,1,0,2023-04-14,Reservation
True,2023-03-11,2023-04-15,13,0,2023-04-02,Reservation
True,2023-02-19,2023-04-16,16,0,2023-03-11,Reservation
True,2023-02-11,2023-04-16,1,0,2023-03-01,Reservation
True,2023-02-14,2023-04-16,2,0,,Reservation
True,2023-02-23,2023-04-16,6,0,2023-03-15,Reservation
True,2023-03-25,2023-04-16,1,0,2023-04-08,Reservation
True,2023-03-07,2023-04-16,8,0,2023-03-30,Reservation
True,2023-03-20,2023-04-16,3,0,2023-04-16,Reservation
True,2023-03-19,2023-04-16,2,0,2023-04-07,Reservation
True,2023-02-13,2023-04-17,10,0,2023-02-23,Reservation
True,2023-02-11,2023-04-17,2,0,2023-03-06,Reservation
True,2023-03-06,2023-04-17,5,0,2023-03-26,Reservation
True,2023-03-14,2023-04-17,1,0,2023-03-29,Reservation
True,2023-03-17,2023-04-17,9,0,2023-04-07,Reservation
True,2023-02-12,2023-04-18,3,0,2023-03-04,Reservation
True,2023-03-16,2023-04-18,4,0,2023-04-10,Reservation
True,2023-03-16,2023-04-18,1,0,2023-04-03,Reservation
True,2023-02-03,2023-04-18,3,0,2023-02-25,Reservation
True,2023-03-08,2023-04-18,5,0,2023-03-30,Reservation
True,2023-02-19,2023-04-18,1,0,,Reservation
True,2023-03-03,2023-04-18,1,0,2023-03-24,Reservation
True,2023-02-13,2023-04-18,1,0,,Reservation
True,2023-02-01,2023-04-18,2,0,2023-02-21,Reservation
True,2023-02-16,2023-04-19,14,0,2023-03-12,Reservation
True,2023-02-09,2023-04-19,3,0,2023-03-03,Reservation
True,2023-02-25,2023-04-20,5,0,2023-03-24,Reservation
True,2023-03-20,2023-04-20,7,0,2023-04-11,Reservation
True,2023-02-04,2023-04-20,1,0,2023-02-16,Reservation
True,2023-02-18,2023-04-20,6,0,2023-03-11,Reservation
True,,2023-04-20,3,0,2023-03-25,Reservation
True,2023-03-03,2023-04-20,11,0,2023-03-27,Reservation
True,2023-02-17,2023-04-20,8,0,2023-03-04,Reservation
True,2023-03-10,2023-04-20,2,0,2023-04-02,Reservation
True,2023-02-10,2023-04-20,5,0,2023-03-03,Reservation
True,2023-02-12,2023-04-21,1,0,2023-03-02,Reservation
True,2023-02-04,2023-04-21,3,0,2023-02-28,Reservation
True,,2023-04-21,14,0,2023-03-21,Reservation
True,2023-03-01,2023-04-21,6,0,2023-03-23,Reservation
True,2023-02-28,2023-04-21,3,0,2023-03-15,Reservation
True,2023-02-10,2023-04-21,1,0,2023-03-03,Reservation
True,2023-02-22,2023-04-22,1,0,2023-03-10,Reservation
True,2023-03-15,2023-04-22,2,0,2023-03-27,Reservation
True,2023-02-19,2023-04-22,3,0,2023-03-14,Reservation
True,2023-02-16,2023-04-22,2,0,,Reservation
True,2023-03-29,2023-04-22,2,1,,Reservation
True,2023-02-24,2023-04-22,5,0,2023-03-20,Reservation
True,2023-03-20,2023-04-22,3,0,2023-04-08,Reservation
True,2023-03-22,2023-04-23,15,0,2023-04-09,Reservation
True,2023-03-09,2023-04-23,6,0,2023-03-19,Reservation
True,2023-03-10,2023-04-23,2,0,2023-03-25,Reservation
True,2023-03-04,2023-04-23,2,0,2023-03-25,Reservation
True,2023-02-08,2023-04-24,2,0,2023-02-28,Reservation
True,,2023-04-24,4,0,2023-03-24,Reservation
True,2023-03-26,2023-04-25,12,0,2023-04-21,Reservation
True,2023-02-13,2023-04-25,1,0,2023-03-08,Reservation
True,2023-03-11,2023-04-25,1,0,2023-04-06,Reservation
True,2023-03-20,2023-04-25,3,0,2023-04-15,Reservation
True,2023-03-24,2023-04-25,5,0,2023-04-12,Reservation
True,2023-03-29,2023-04-25,1,0,2023-04-20,Reservation
True,2023-03-01,2023-04-26,4,0,2023-03-19,Reservation
True,2023-03-22,2023-04-26,5,0,2023-04-13,Reservation
True,2023-02-22,2023-04-26,1,0,2023-03-10,Reservation
True,2023-03-23,2023-04-26,2,0,2023-04-12,Reservation
True,2023-02-23,2023-04-26,4,0,2023-03-09,Reservation
True,2023-03-01,2023-04-27,6,0,2023-03-17,Reservation
True,2023-03-15,2023-04-27,11,0,2023-04-05,Reservation
True,2023-03-05,2023-04-27,2,0,2023-03-26,Reservation
True,2023-02-21,2023-04-27,3,0,2023-03-14,Reservation
True,2023-03-22,2023-04-27,5,0,2023-04-21,Reservation
True,2023-02-12,2023-04-27,1,0,2023-02-28,Reservation
True,2023-03-20,2023-04-27,3,0,2023-04-10,Reservation
True,2023-02-23,2023-04-28,3,0,2023-03-03,Reservation
True,2023-03-23,2023-04-28,1,0,2023-04-16,Reservation
True,2023-02-20,2023-04-28,5,0,2023-03-11,Reservation
True,2023-03-18,2023-04-29,2,0,2023-04-04,Reservation
True,2023-02-15,2023-04-29,13,0,2023-03-10,Reservation
True,2023-03-18,2023-04-29,3,0,2023-04-13,Reservation
True,2023-03-09,2023-04-29,1,0,2023-03-18,Reservation
True,,2023-04-30,2,0,2023-03-23,Reservation
True,2023-03-10,2023-04-30,1,0,2023-04-04,Reservation
True,2023-04-09,2023-04-30,1,1,,Reservation
True,2023-03-26,2023-04-30,2,0,2023-04-16,Reservation
True,2023-03-04,2023-04-30,2,0,2023-03-16,Reservation
True,2023-03-17,2023-04-30,2,0,2023-04-07,Reservation
True,2023-03-07,2023-04-30,3,0,2023-03-29,Reservation
True,2023-03-08,2023-04-30,5,0,2023-03-28,Reservation
True,2023-03-21,2023-05-01,1,0,2023-04-04,Reservation
True,2023-03-29,2023-05-01,2,0,2023-04-19,Reservation
True,2023-03-16,2023-05-01,1,0,2023-03-28,Reservation
True,2023-04-07,2023-05-01,3,0,2023-05-01,Reservation
True,2023-03-26,2023-05-01,1,0,2023-04-20,Reservation
True,2023-03-09,2023-05-01,8,0,2023-03-28,Reservation
True,2023-03-19,2023-05-02,7,0,2023-04-15,Reservation
True,2023-03-30,2023-05-02,1,0,2023-04-24,Reservation
True,2023-02-15,2023-05-02,1,0,2023-02-23,Reservation
True,2023-04-08,2023-05-02,2,1,,Reservation
True,2023-03-16,2023-05-02,24,0,2023-03-30,Reservation
True,2023-03-21,2023-05-02,2,0,2023-04-07,Reservation
True,2023-03-20,2023-05-02,3,0,2023-04-16,Reservation
True,2023-03-04,2023-05-03,3,0,2023-03-28,Reservation
True,2023-02-27,2023-05-04,3,0,2023-03-22,Reservation
True,,2023-05-04,1,0,2023-03-27,Reservation
True,2023-02-22,2023-05-04,6,0,2023-03-14,Reservation
True,2023-03-05,2023-05-04,9,0,2023-04-02,Reservation
True,2023-03-07,2023-05-04,1,0,2023-03-22,Reservation
True,2023-04-02,2023-05-04,2,0,2023-04-26,Reservation
True,2023-04-01,2023-05-04,3,0,2023-04-14,Reservation
True,2023-03-04,2023-05-05,2,0,2023-03-24,Reservation
True,2023-03-07,2023-05-05,2,0,2023-03-29,Reservation
True,2023-04-02,2023-05-05,4,0,2023-04-17,Reservation
True,2023-03-06,2023-05-05,7,0,2023-03-22,Reservation
True,2023-04-10,2023-05-05,5,0,2023-05-02,Reservation
True,2023-03-19,2023-05-05,1,0,2023-04-10,Reservation
True,2023-03-27,2023-05-06,10,0,2023-04-09,Reservation
True,2023-02-27,2023-05-06,8,0,2023-03-13,Reservation
True,2023-04-10,2023-05-06,28,0,2023-04-30,Reservation
True,2023-03-02,2023-05-06,7,0,2023-03-21,Reservation
True,2023-03-26,2023-05-07,7,0,2023-04-13,Reservation
True,2023-03-03,2023-05-08,4,0,2023-03-28,Reservation
True,2023-03-11,2023-05-08,8,0,2023-04-11,Reservation
True,2023-03-14,2023-05-08,19,0,2023-04-12,Reservation
True,2023-02-20,2023-05-09,16,0,2023-03-07,Reservation
True,2023-03-02,2023-05-09,5,0,2023-03-21,Reservation
True,2023-03-09,2023-05-09,5,0,2023-03-25,Reservation
True,2023-02-24,2023-05-09,1,0,2023-03-19,Reservation
True,2023-03-11,2023-05-09,2,0,2023-04-06,Reservation
True,2023-03-12,2023-05-09,4,0,2023-03-30,Reservation
True,2023-03-10,2023-05-09,8,0,2023-04-09,Reservation
True,2023-03-01,2023-05-10,7,0,2023-03-16,Reservation
True,2023-03-26,2023-05-10,1,0,2023-05-01,Reservation
True,2023-04-04,2023-05-10,11,0,2023-04-15,Reservation
True,2023-03-26,2023-05-11,1,0,2023-04-21,Reservation
True,2023-03-05,2023-05-12,24,0,2023-03-26,Reservation
True,2023-02-25,2023-05-12,3,0,2023-03-19,Reservation
True,2023-04-18,2023-05-12,2,0,2023-05-06,Reservation
True,2023-04-18,2023-05-12,1,0,2023-05-04,Reservation
True,2023-03-24,2023-05-12,2,0,2023-04-12,Reservation
True,2023-02-25,2023-05-12,6,0,2023-03-13,Reservation
True,2023-03-26,2023-05-12,2,0,2023-04-09,Reservation
True,2023-04-08,2023-05-12,1,0,2023-04-22,Reservation
True,2023-03-05,2023-05-13,1,0,2023-03-24,Reservation
True,2023-04-05,2023-05-13,4,0,2023-04-20,Reservation
True,2023-04-15,2023-05-13,4,0,2023-05-06,Reservation
True,2023-04-06,2023-05-14,7,0,2023-04-20,Reservation
True,2023-03-29,2023-05-14,3,0,2023-04-28,Reservation
True,2023-03-08,2023-05-14,8,0,2023-04-02,Reservation
True,2023-03-26,2023-05-15,8,0,2023-04-14,Reservation
True,2023-04-06,2023-05-15,3,0,2023-05-01,Reservation
True,2023-04-17,2023-05-15,1,1,,Reservation
True,2023-04-15,2023-05-15,4,0,2023-05-15,Reservation
True,2023-04-11,2023-05-15,4,0,2023-04-30,Reservation
True,2023-03-16,2023-05-15,1,0,2023-04-03,Reservation
True,2023-04-12,2023-05-15,1,0,2023-04-27,Reservation
True,2023-04-08,2023-05-15,11,0,2023-04-22,Reservation
True,2023-03-06,2023-05-16,7,0,2023-03-27,Reservation
True,2023-03-16,2023-05-16,1,0,2023-04-04,Reservation
True,2023-04-10,2023-05-16,1,0,2023-05-02,Reservation
True,2023-03-09,2023-05-16,4,0,2023-03-28,Reservation
True,2023-04-10,2023-05-17,1,0,2023-04-24,Reservation
True,2023-03-03,2023-05-17,3,0,2023-03-19,Reservation
True,2023-03-28,2023-05-17,3,0,2023-04-20,Reservation
True,2023-02-28,2023-05-17,6,0,2023-03-16,Reservation
True,2023-04-08,2023-05-18,3,0,2023-04-29,Reservation
True,2023-03-26,2023-05-19,3,0,2023-04-08,Reservation
True,2023-04-26,2023-05-19,6,0,2023-05-14,Reservation
True,2023-03-23,2023-05-19,2,0,2023-04-19,Reservation
True,2023-04-06,2023-05-19,6,0,2023-04-23,Reservation
True,2023-04-29,2023-05-20,7,0,2023-05-15,Reservation
True,2023-04-10,2023-05-20,1,0,2023-05-03,Reservation
True,2023-03-21,2023-05-20,11,0,2023-04-18,Reservation
True,2023-04-11,2023-05-20,8,0,2023-05-05,Reservation
True,2023-03-08,2023-05-20,6,0,2023-04-02,Reservation
True,2023-03-02,2023-05-20,2,0,2023-03-29,Reservation
True,2023-03-12,2023-05-21,11,0,2023-04-05,Reservation
True,2023-04-27,2023-05-21,1,0,2023-05-16,Reservation
True,2023-03-26,2023-05-21,1,0,2023-04-16,Reservation
True,2023-05-01,2023-05-22,1,1,,Reservation
True,2023-04-08,2023-05-22,3,0,2023-04-13,Reservation
True,2023-03-09,2023-05-22,10,0,2023-03-23,Reservation
True,2023-04-21,2023-05-22,1,0,2023-05-15,Reservation
True,2023-04-07,2023-05-22,8,0,2023-04-28,Reservation
True,2023-04-15,2023-05-22,3,0,2023-05-13,Reservation
True,2023-03-27,2023-05-22,3,0,2023-04-17,Reservation
True,2023-03-09,2023-05-22,2,0,2023-03-23,Reservation
True,2023-03-23,2023-05-22,11,0,2023-04-22,Reservation
True,2023-03-14,2023-05-23,7,0,2023-04-08,Reservation
True,2023-03-29,2023-05-23,3,0,2023-04-19,Reservation
True,2023-03-19,2023-05-23,1,0,2023-04-05,Reservation
True,2023-04-16,2023-05-24,12,0,2023-05-05,Reservation
True,2023-04-13,2023-05-24,1,0,2023-05-05,Reservation
True,2023-03-23,2023-05-24,3,0,2023-04-05,Reservation
True,2023-04-23,2023-05-25,1,0,2023-05-16,Reservation
True,2023-04-07,2023-05-25,8,0,2023-05-03,Reservation
True,2023-03-16,2023-05-25,2,0,2023-04-03,Reservation
True,2023-04-17,2023-05-25,11,0,2023-05-07,Reservation
True,2023-04-04,2023-05-25,1,0,2023-04-26,Reservation
True,2023-04-11,2023-05-25,1,0,2023-05-01,Reservation
True,2023-03-23,2023-05-25,1,0,2023-04-15,Reservation
True,2023-04-28,2023-05-25,4,1,,Reservation
True,2023-03-17,2023-05-26,7,0,2023-03-30,Reservation
True,2023-04-30,2023-05-26,2,0,2023-05-16,Reservation
True,2023-03-26,2023-05-26,5,0,2023-04-09,Reservation
True,2023-04-27,2023-05-26,7,0,2023-05-15,Reservation
True,2023-03-24,2023-05-27,13,0,2023-04-15,Reservation
True,2023-03-30,2023-05-27,3,0,2023-04-23,Reservation
True,2023-04-06,2023-05-27,5,0,2023-04-29,Reservation
True,2023-04-28,2023-05-27,8,0,2023-05-20,Reservation
True,2023-03-17,2023-05-27,3,0,2023-04-06,Reservation
True,2023-04-22,2023-05-28,1,0,2023-05-13,Reservation
True,2023-03-11,2023-05-28,3,0,2023-04-07,Reservation
True,2023-03-21,2023-05-28,12,0,2023-04-05,Reservation
True,2023-03-22,2023-05-28,2,0,2023-04-12,Reservation
True,2023-03-29,2023-05-28,5,0,2023-04-17,Reservation
True,2023-03-13,2023-05-28,1,0,2023-03-29,Reservation
True,2023-04-14,2023-05-29,6,0,2023-04-28,Reservation
True,2023-05-04,2023-05-29,2,0,2023-05-18,Reservation
True,2023-04-25,2023-05-29,1,0,2023-05-16,Reservation
True,2023-05-08,2023-05-30,4,0,2023-05-28,Reservation
True,2023-05-09,2023-05-30,7,0,2023-05-26,Reservation
True,2023-05-08,2023-05-30,4,0,2023-05-28,Reservation
True,2023-04-24,2023-05-30,5,0,2023-05-16,Reservation
True,2023-03-17,2023-05-30,2,0,2023-04-06,Reservation
True,2023-03-21,2023-05-30,7,0,2023-04-07,Reservation
True,2023-03-20,2023-06-01,1,0,2023-03-25,Reservation
True,2023-04-21,2023-06-01,2,0,2023-05-09,Reservation
True,2023-05-01,2023-06-01,4,0,2023-05-17,Reservation
True,2023-05-02,2023-06-01,2,0,2023-05-24,Reservation
True,2023-04-17,2023-06-01,5,0,2023-05-06,Reservation
True,2023-04-28,2023-06-02,3,0,2023-05-15,Reservation
True,2023-04-02,2023-06-02,7,0,2023-04-20,Reservation
True,2023-05-03,2023-06-02,6,0,2023-05-28,Reservation
True,2023-04-02,2023-06-02,2,0,2023-04-25,Reservation
True,2023-04-08,2023-06-02,9,0,2023-05-03,Reservation
True,2023-04-14,2023-06-02,4,0,2023-04-24,Reservation
True,2023-03-25,2023-06-03,1,0,2023-04-11,Reservation
True,2023-03-15,2023-06-03,2,0,2023-04-01,Reservation
True,2023-03-22,2023-06-03,1,0,2023-04-16,Reservation
True,2023-03-15,2023-06-03,5,0,2023-04-10,Reservation
True,2023-04-08,2023-06-03,4,0,2023-04-22,Reservation
True,2023-04-09,2023-06-03,3,0,2023-04-25,Reservation
True,2023-04-02,2023-06-03,2,0,2023-04-25,Reservation
True,2023-03-29,2023-06-03,1,0,2023-04-20,Reservation
True,2023-03-19,2023-06-04,2,0,2023-04-04,Reservation
True,2023-05-13,2023-06-04,1,0,2023-06-03,Reservation
True,2023-04-19,2023-06-04,4,0,2023-05-07,Reservation
True,2023-04-26,2023-06-04,5,0,2023-05-24,Reservation
True,2023-04-10,2023-06-05,2,0,2023-05-09,Reservation
True,2023-04-21,2023-06-05,1,0,2023-05-12,Reservation
True,2023-04-30,2023-06-06,1,0,2023-05-10,Reservation
True,2023-04-09,2023-06-06,4,0,2023-04-24,Reservation
True,2023-04-07,2023-06-06,4,0,2023-05-02,Reservation
True,2023-05-08,2023-06-06,1,0,2023-05-29,Reservation
True,2023-05-10,2023-06-06,3,0,2023-06-03,Reservation
True,2023-03-30,2023-06-06,1,0,2023-04-15,Reservation
True,2023-05-01,2023-06-06,1,0,2023-05-27,Reservation
True,2023-04-11,2023-06-07,2,0,2023-04-29,Reservation
True,2023-05-11,2023-06-07,1,1,,Reservation
True,2023-04-21,2023-06-07,4,0,2023-05-07,Reservation
True,2023-03-18,2023-06-07,4,0,2023-04-01,Reservation
True,2023-04-23,2023-06-07,5,0,2023-05-07,Reservation
True,2023-04-28,2023-06-07,1,0,2023-05-19,Reservation
True,2023-05-01,2023-06-08,3,0,2023-05-15,Reservation
True,2023-03-28,2023-06-08,1,0,2023-04-30,Reservation
True,2023-04-16,2023-06-08,1,0,2023-05-02,Reservation
True,2023-05-12,2023-06-08,4,0,2023-06-05,Reservation
True,2023-03-30,2023-06-08,1,0,2023-04-13,Reservation
True,2023-04-07,2023-06-08,2,0,2023-05-01,Reservation
True,2023-03-30,2023-06-08,4,0,2023-04-21,Reservation
True,2023-04-26,2023-06-08,5,0,2023-05-18,Reservation
True,2023-04-30,2023-06-09,1,0,2023-05-15,Reservation
True,2023-04-08,2023-06-09,2,0,2023-05-05,Reservation
True,2023-04-22,2023-06-09,3,0,2023-05-09,Reservation
True,2023-05-16,2023-06-10,2,0,2023-06-08,Reservation
True,2023-03-21,2023-06-10,3,0,2023-04-06,Reservation
True,2023-04-26,2023-06-10,1,0,2023-05-07,Reservation
True,2023-04-11,2023-06-10,3,0,2023-04-24,Reservation
True,2023-04-23,2023-06-11,4,0,2023-05-04,Reservation
True,2023-05-13,2023-06-11,2,0,2023-05-27,Reservation
True,2023-04-08,2023-06-11,1,0,2023-05-08,Reservation
True,2023-03-30,2023-06-11,4,0,2023-04-25,Reservation
True,2023-04-04,2023-06-11,4,0,2023-04-28,Reservation
True,2023-04-26,2023-06-12,4,0,2023-05-16,Reservation
True,2023-03-27,2023-06-12,6,0,2023-04-28,Reservation
True,2023-04-03,2023-06-12,7,0,2023-04-20,Reservation
True,2023-04-29,2023-06-13,3,0,2023-05-19,Reservation
True,2023-04-25,2023-06-13,7,0,2023-05-17,Reservation
True,2023-05-22,2023-06-13,17,0,2023-06-09,Reservation
True,2023-05-15,2023-06-13,3,0,2023-06-09,Reservation
True,2023-04-30,2023-06-13,1,0,2023-05-18,Reservation
True,2023-05-10,2023-06-13,3,0,2023-06-04,Reservation
True,2023-03-28,2023-06-14,4,0,2023-04-20,Reservation
True,2023-04-20,2023-06-14,1,0,2023-05-03,Reservation
True,2023-04-18,2023-06-14,6,0,2023-05-11,Reservation
True,2023-05-19,2023-06-14,3,0,2023-06-03,Reservation
True,2023-05-13,2023-06-14,1,0,2023-06-02,Reservation
True,2023-04-24,2023-06-14,3,0,2023-05-11,Reservation
True,2023-04-05,2023-06-14,1,0,2023-05-03,Reservation
True,2023-04-02,2023-06-14,4,0,2023-05-01,Reservation
True,2023-05-21,2023-06-14,1,0,2023-06-11,Reservation
True,2023-04-16,2023-06-14,1,0,2023-04-29,Reservation
True,2023-05-17,2023-06-15,1,0,2023-06-03,Reservation
True,2023-03-27,2023-06-15,5,0,2023-04-10,Reservation
True,2023-05-17,2023-06-15,2,0,2023-06-12,Reservation
True,2023-05-06,2023-06-16,1,0,2023-06-02,Reservation
True,2023-03-30,2023-06-16,4,0,2023-04-15,Reservation
True,2023-05-12,2023-06-16,1,0,2023-05-24,Reservation
True,2023-05-06,2023-06-17,7,0,2023-05-28,Reservation
True,2023-04-08,2023-06-17,2,0,2023-04-26,Reservation
True,2023-05-03,2023-06-17,16,0,2023-05-20,Reservation
True,2023-04-14,2023-06-17,3,0,2023-05-09,Reservation
True,2023-04-08,2023-06-17,7,0,2023-04-28,Reservation
True,2023-05-19,2023-06-17,3,0,2023-06-07,Reservation
True,2023-05-19,2023-06-18,12,0,2023-06-06,Reservation
True,2023-04-19,2023-06-18,3,0,2023-05-03,Reservation
True,2023-05-07,2023-06-18,4,0,2023-05-26,Reservation
True,2023-04-25,2023-06-18,4,0,2023-05-08,Reservation
True,2023-04-14,2023-06-18,1,0,2023-05-05,Reservation
True,2023-05-13,2023-06-18,5,0,2023-06-10,Reservation
True,2023-05-04,2023-06-19,4,0,2023-05-14,Reservation
True,2023-04-16,2023-06-19,1,0,2023-05-05,Reservation
True,2023-04-04,2023-06-19,1,0,2023-04-25,Reservation
True,2023-04-27,2023-06-19,3,0,2023-05-13,Reservation
True,2023-04-06,2023-06-19,1,0,2023-04-27,Reservation
True,2023-05-18,2023-06-20,2,0,2023-06-13,Reservation
True,2023-04-27,2023-06-20,4,0,2023-05-13,Reservation
True,2023-05-25,2023-06-20,1,0,2023-06-16,Reservation
True,2023-05-17,2023-06-20,2,0,2023-06-13,Reservation
True,2023-04-13,2023-06-20,11,0,2023-05-08,Reservation
True,2023-05-21,2023-06-20,9,0,2023-06-20,Reservation
True,2023-04-20,2023-06-20,11,0,2023-05-13,Reservation
True,2023-04-18,2023-06-20,2,0,2023-05-06,Reservation
True,2023-04-16,2023-06-21,6,0,2023-05-08,Reservation
True,2023-05-07,2023-06-21,1,0,2023-05-29,Reservation
True,2023-05-13,2023-06-21,7,0,2023-06-03,Reservation
True,2023-04-20,2023-06-21,14,0,2023-05-11,Reservation
True,2023-04-18,2023-06-21,4,0,2023-05-03,Reservation
True,2023-05-16,2023-06-22,1,0,2023-06-04,Reservation
True,2023-04-18,2023-06-22,10,0,2023-05-11,Reservation
True,2023-05-21,2023-06-22,13,0,2023-06-08,Reservation
True,2023-05-03,2023-06-22,1,0,2023-05-22,Reservation
True,2023-05-13,2023-06-22,7,0,2023-06-06,Reservation
True,2023-04-11,2023-06-22,6,0,2023-04-28,Reservation
True,2023-05-15,2023-06-23,7,0,2023-06-10,Reservation
True,2023-04-19,2023-06-23,7,0,2023-05-02,Reservation
True,2023-05-15,2023-06-23,8,0,2023-06-10,Reservation
True,2023-04-23,2023-06-23,2,0,2023-05-17,Reservation
True,2023-05-23,2023-06-23,1,0,2023-06-18,Reservation
True,2023-05-10,2023-06-23,1,0,2023-05-29,Reservation
True,2023-05-01,2023-06-23,1,0,2023-06-03,Reservation
True,2023-04-12,2023-06-24,6,0,2023-05-03,Reservation
True,2023-05-10,2023-06-24,9,0,2023-05-30,Reservation
True,2023-04-27,2023-06-24,2,0,2023-05-17,Reservation
True,2023-04-09,2023-06-24,2,0,2023-04-23,Reservation
True,2023-06-03,2023-06-24,4,1,,Reservation
True,2023-05-12,2023-06-24,2,0,2023-05-30,Reservation
True,2023-05-03,2023-06-24,3,0,2023-06-09,Reservation
True,2023-05-26,2023-06-24,17,0,2023-06-24,Reservation
True,2023-04-19,2023-06-25,1,0,2023-05-04,Reservation
True,2023-05-08,2023-06-25,2,0,2023-06-07,Reservation
True,2023-05-05,2023-06-25,2,0,2023-05-24,Reservation
True,2023-04-11,2023-06-25,2,0,2023-05-01,Reservation
True,2023-04-12,2023-06-26,8,0,2023-05-02,Reservation
True,2023-04-11,2023-06-26,3,0,2023-04-29,Reservation
True,2023-05-06,2023-06-26,2,0,2023-06-03,Reservation
True,2023-04-08,2023-06-27,2,0,2023-05-02,Reservation
True,2023-04-21,2023-06-28,2,0,2023-05-11,Reservation
True,2023-04-17,2023-06-28,8,0,2023-05-17,Reservation
True,2023-04-27,2023-06-29,2,0,2023-05-09,Reservation
True,2023-04-21,2023-06-29,2,0,2023-05-08,Reservation
True,2023-06-09,2023-06-29,2,0,2023-06-29,Reservation
True,2023-05-22,2023-06-29,3,0,2023-06-05,Reservation
True,2023-04-17,2023-06-29,10,0,2023-05-03,Reservation
True,2023-04-13,2023-06-29,1,0,2023-05-01,Reservation
True,2023-05-21,2023-06-29,2,0,2023-06-09,Reservation
True,2023-05-02,2023-06-29,1,0,2023-05-23,Reservation
True,2023-04-15,2023-06-29,1,0,2023-04-30,Reservation
True,2023-04-13,2023-06-29,2,0,2023-05-03,Reservation
True,2023-05-10,2023-06-30,6,0,2023-05-29,Reservation
True,2023-05-23,2023-06-30,2,0,2023-06-14,Reservation
True,2023-05-23,2023-07-01,3,0,2023-06-16,Reservation
True,2023-06-02,2023-07-01,4,0,2023-06-28,Reservation
True,2023-05-19,2023-07-01,3,0,2023-06-08,Reservation
True,2023-06-08,2023-07-01,1,0,2023-06-30,Reservation
True,2023-04-26,2023-07-02,2,0,2023-05-14,Reservation
True,2023-04-17,2023-07-02,10,0,2023-05-05,Reservation
True,2023-05-05,2023-07-02,7,0,2023-05-18,Reservation
True,2023-05-05,2023-07-02,2,0,2023-05-19,Reservation
True,2023-05-07,2023-07-02,7,0,2023-05-25,Reservation
True,2023-06-01,2023-07-03,3,0,2023-06-19,Reservation
True,2023-06-02,2023-07-03,1,0,2023-06-28,Reservation
True,2023-06-11,2023-07-03,5,0,2023-06-25,Reservation
True,2023-06-10,2023-07-03,4,0,2023-06-26,Reservation
True,2023-06-04,2023-07-03,2,0,2023-06-23,Reservation
True,2023-04-19,2023-07-03,1,0,2023-05-07,Reservation
True,2023-05-12,2023-07-04,1,0,2023-05-28,Reservation
True,2023-04-20,2023-07-04,2,0,2023-05-06,Reservation
True,2023-04-18,2023-07-04,6,0,2023-05-13,Reservation
True,2023-04-22,2023-07-04,1,0,2023-05-04,Reservation
True,2023-04-30,2023-07-04,11,0,2023-05-19,Reservation
True,2023-05-24,2023-07-04,13,0,2023-06-03,Reservation
True,2023-04-20,2023-07-04,4,0,2023-05-09,Reservation
True,2023-06-12,2023-07-05,3,0,2023-07-05,Reservation
True,2023-05-24,2023-07-05,5,0,2023-06-12,Reservation
True,2023-05-01,2023-07-05,4,0,2023-05-26,Reservation
True,2023-05-17,2023-07-05,1,0,2023-06-02,Reservation
True,2023-05-03,2023-07-05,13,0,2023-05-27,Reservation
True,2023-05-14,2023-07-05,5,0,2023-06-03,Reservation
True,2023-05-19,2023-07-05,1,0,2023-06-13,Reservation
True,2023-05-13,2023-07-05,1,0,2023-06-05,Reservation
True,2023-05-10,2023-07-05,6,0,2023-05-30,Reservation
True,2023-05-25,2023-07-05,5,0,2023-06-16,Reservation
True,2023-04-22,2023-07-05,1,0,2023-05-13,Reservation
True,2023-04-30,2023-07-06,8,0,2023-05-26,Reservation
True,2023-05-21,2023-07-06,1,0,2023-06-21,Reservation
True,2023-06-04,2023-07-06,1,0,2023-06-26,Reservation
True,2023-05-27,2023-07-06,4,0,2023-06-13,Reservation
True,2023-04-20,2023-07-06,6,0,2023-05-19,Reservation
True,2023-06-10,2023-07-07,2,0,2023-07-07,Reservation
True,2023-06-07,2023-07-07,2,0,2023-07-03,Reservation
True,2023-04-20,2023-07-07,6,0,2023-05-12,Reservation
True,2023-05-17,2023-07-08,1,0,2023-06-14,Reservation
True,2023-06-07,2023-07-08,1,0,2023-06-23,Reservation
True,2023-06-02,2023-07-08,4,0,2023-07-01,Reservation
True,2023-04-23,2023-07-08,11,0,2023-05-18,Reservation
True,2023-06-16,2023-07-08,3,0,2023-07-01,Reservation
True,2023-04-24,2023-07-08,1,0,2023-05-13,Reservation
True,2023-05-20,2023-07-09,3,0,2023-06-18,Reservation
True,2023-06-13,2023-07-09,8,0,2023-07-03,Reservation
True,2023-05-04,2023-07-09,1,0,2023-05-16,Reservation
True,2023-06-12,2023-07-09,1,0,2023-07-01,Reservation
True,2023-05-23,2023-07-10,4,0,2023-06-10,Reservation
True,2023-05-30,2023-07-10,2,0,2023-06-16,Reservation
True,2023-05-05,2023-07-10,14,0,2023-05-23,Reservation
True,2023-06-02,2023-07-11,11,0,2023-06-26,Reservation
True,2023-05-15,2023-07-11,4,0,2023-06-04,Reservation
True,2023-06-01,2023-07-11,8,0,2023-06-16,Reservation
True,2023-06-20,2023-07-11,14,0,2023-07-10,Reservation
True,2023-05-15,2023-07-11,1,0,2023-06-05,Reservation
True,2023-06-13,2023-07-11,4,0,2023-07-06,Reservation
True,2023-05-27,2023-07-11,9,0,2023-06-18,Reservation
True,2023-06-13,2023-07-11,2,0,2023-07-07,Reservation
True,2023-05-16,2023-07-12,1,0,2023-05-30,Reservation
True,2023-04-24,2023-07-12,1,0,2023-05-13,Reservation
True,2023-06-10,2023-07-12,6,0,2023-06-28,Reservation
True,2023-06-20,2023-07-12,3,1,,Reservation
True,2023-04-30,2023-07-12,1,0,2023-05-20,Reservation
True,2023-04-28,2023-07-12,2,0,2023-05-12,Reservation
True,2023-04-27,2023-07-12,2,0,2023-05-24,Reservation
True,2023-05-30,2023-07-13,2,0,2023-06-26,Reservation
True,2023-05-27,2023-07-13,9,0,2023-06-14,Reservation
True,2023-04-27,2023-07-13,1,0,2023-05-14,Reservation
True,2023-05-17,2023-07-13,3,0,2023-06-14,Reservation
True,2023-06-09,2023-07-13,1,0,2023-06-22,Reservation
True,2023-06-02,2023-07-13,3,0,2023-06-21,Reservation
True,2023-05-24,2023-07-14,1,0,2023-06-12,Reservation
True,2023-06-02,2023-07-14,16,0,2023-06-22,Reservation
True,2023-05-24,2023-07-14,10,0,2023-06-20,Reservation
True,2023-05-03,2023-07-14,3,0,2023-05-24,Reservation
True,2023-06-01,2023-07-14,14,0,2023-06-17,Reservation
True,2023-05-22,2023-07-14,3,0,2023-06-11,Reservation
True,2023-06-12,2023-07-14,7,0,2023-06-22,Reservation
True,2023-06-07,2023-07-15,7,0,2023-06-27,Reservation
True,2023-06-12,2023-07-15,1,0,2023-07-01,Reservation
True,2023-04-27,2023-07-15,3,0,2023-05-19,Reservation
True,2023-05-03,2023-07-15,3,0,2023-05-24,Reservation
True,2023-06-25,2023-07-16,6,0,2023-07-12,Reservation
True,2023-05-28,2023-07-16,4,0,2023-06-17,Reservation
True,2023-06-11,2023-07-17,13,0,2023-07-05,Reservation
True,2023-05-23,2023-07-17,2,0,2023-06-13,Reservation
True,2023-06-22,2023-07-17,1,0,2023-07-08,Reservation
True,2023-05-27,2023-07-17,2,0,2023-06-15,Reservation
True,2023-04-30,2023-07-17,12,0,2023-05-17,Reservation
True,2023-05-23,2023-07-17,10,0,2023-06-13,Reservation
True,2023-06-26,2023-07-17,2,0,2023-07-17,Reservation
True,2023-05-16,2023-07-17,6,0,2023-06-07,Reservation
True,2023-05-26,2023-07-17,3,0,2023-06-06,Reservation
True,2023-04-29,2023-07-17,8,0,2023-05-12,Reservation
True,2023-06-05,2023-07-18,2,0,2023-06-27,Reservation
True,2023-05-12,2023-07-18,3,0,2023-05-22,Reservation
True,2023-05-10,2023-07-18,2,0,2023-06-04,Reservation
True,2023-05-28,2023-07-18,2,0,2023-06-18,Reservation
True,2023-06-02,2023-07-18,14,0,2023-07-02,Reservation
True,2023-05-07,2023-07-18,1,0,2023-05-28,Reservation
True,2023-05-16,2023-07-18,2,0,2023-06-11,Reservation
True,2023-05-06,2023-07-19,14,0,2023-05-27,Reservation
True,2023-05-18,2023-07-19,2,0,2023-05-28,Reservation
True,2023-06-26,2023-07-19,1,0,2023-07-09,Reservation
True,2023-05-30,2023-07-19,2,0,2023-06-14,Reservation
True,2023-06-11,2023-07-19,15,0,2023-07-11,Reservation
True,2023-05-01,2023-07-19,2,0,2023-05-13,Reservation
True,2023-05-17,2023-07-19,4,0,2023-06-04,Reservation
True,2023-05-10,2023-07-20,3,0,2023-05-30,Reservation
True,2023-06-22,2023-07-20,13,0,2023-07-09,Reservation
True,2023-05-23,2023-07-20,4,0,2023-06-07,Reservation
True,2023-06-13,2023-07-20,2,0,2023-07-11,Reservation
True,2023-06-27,2023-07-21,2,0,2023-07-13,Reservation
True,2023-06-01,2023-07-21,6,0,2023-06-18,Reservation
True,2023-05-20,2023-07-21,2,0,2023-06-15,Reservation
True,2023-05-20,2023-07-21,1,0,2023-06-16,Reservation
True,2023-05-16,2023-07-21,2,0,2023-05-30,Reservation
True,2023-06-14,2023-07-21,3,0,2023-07-07,Reservation
True,2023-06-12,2023-07-22,4,0,2023-06-26,Reservation
True,2023-05-28,2023-07-22,4,0,2023-06-08,Reservation
True,2023-06-21,2023-07-22,3,0,2023-07-10,Reservation
True,2023-06-17,2023-07-22,3,0,2023-07-03,Reservation
True,2023-05-16,2023-07-22,7,0,2023-06-07,Reservation
True,2023-06-25,2023-07-22,5,0,2023-07-22,Reservation
True,2023-06-28,2023-07-23,3,0,2023-07-22,Reservation
True,2023-06-01,2023-07-23,1,0,2023-06-18,Reservation
True,2023-06-27,2023-07-23,1,0,2023-07-19,Reservation
True,2023-06-27,2023-07-24,1,0,2023-07-14,Reservation
True,2023-06-11,2023-07-24,12,0,2023-06-27,Reservation
True,2023-05-15,2023-07-24,5,0,2023-05-30,Reservation
True,2023-05-26,2023-07-24,2,0,2023-06-20,Reservation
True,2023-06-18,2023-07-24,2,0,2023-07-11,Reservation
True,2023-05-07,2023-07-24,15,0,2023-05-29,Reservation
True,2023-05-16,2023-07-24,5,0,2023-06-07,Reservation
True,2023-05-16,2023-07-25,5,0,2023-06-01,Reservation
True,2023-07-02,2023-07-25,3,0,2023-07-23,Reservation
True,2023-06-17,2023-07-25,3,0,2023-07-10,Reservation
True,2023-05-08,2023-07-25,2,0,2023-06-04,Reservation
True,2023-05-27,2023-07-26,1,0,2023-06-11,Reservation
True,2023-05-15,2023-07-26,9,0,2023-05-30,Reservation
True,2023-05-26,2023-07-26,7,0,2023-06-15,Reservation
True,2023-06-11,2023-07-26,8,0,2023-07-02,Reservation
True,2023-05-17,2023-07-27,3,0,2023-05-29,Reservation
True,2023-06-05,2023-07-27,1,0,2023-06-18,Reservation
True,2023-06-26,2023-07-27,1,0,2023-07-17,Reservation
True,2023-06-02,2023-07-27,8,0,2023-06-22,Reservation
True,2023-05-19,2023-07-27,2,0,2023-06-06,Reservation
True,2023-05-25,2023-07-28,4,0,2023-06-19,Reservation
True,2023-06-26,2023-07-28,2,0,2023-07-21,Reservation
True,2023-05-21,2023-07-29,4,0,2023-06-14,Reservation
True,2023-05-20,2023-07-29,1,0,2023-06-14,Reservation
True,2023-05-19,2023-07-29,2,0,2023-06-09,Reservation
True,2023-07-07,2023-07-29,4,0,2023-07-26,Reservation
True,2023-05-27,2023-07-29,1,0,2023-06-21,Reservation
True,2023-06-26,2023-07-29,1,0,2023-07-15,Reservation
True,2023-05-30,2023-07-30,4,0,2023-06-17,Reservation
True,2023-06-16,2023-07-30,17,0,2023-06-26,Reservation
True,2023-06-23,2023-07-30,2,0,2023-07-14,Reservation
True,2023-06-24,2023-07-30,9,0,2023-07-13,Reservation
True,2023-06-01,2023-07-30,10,0,2023-06-20,Reservation
True,2023-07-02,2023-08-01,1,0,2023-07-24,Reservation
True,2023-05-24,2023-08-01,1,0,2023-06-08,Reservation
True,2023-07-05,2023-08-01,1,1,,Reservation
True,2023-05-23,2023-08-01,2,0,2023-06-15,Reservation
True,2023-06-09,2023-08-01,5,0,2023-06-22,Reservation
True,2023-06-01,2023-08-02,5,0,2023-06-24,Reservation
True,2023-05-14,2023-08-02,5,0,2023-06-03,Reservation
True,2023-05-26,2023-08-02,10,0,2023-06-16,Reservation
True,2023-06-05,2023-08-02,3,0,2023-06-30,Reservation
True,2023-05-17,2023-08-02,12,0,2023-06-03,Reservation
True,2023-05-20,2023-08-02,6,0,2023-06-09,Reservation
True,2023-06-21,2023-08-03,4,0,2023-07-09,Reservation
True,2023-05-25,2023-08-03,2,0,2023-06-23,Reservation
True,2023-07-07,2023-08-03,1,1,,Reservation
True,2023-06-27,2023-08-03,7,1,,Reservation
True,2023-06-30,2023-08-03,2,0,2023-07-11,Reservation
True,2023-07-08,2023-08-04,2,0,2023-07-24,Reservation
True,2023-06-24,2023-08-04,16,0,2023-07-12,Reservation
True,2023-06-19,2023-08-04,1,0,2023-07-06,Reservation
True,2023-07-10,2023-08-04,1,0,2023-08-04,Reservation
True,2023-06-10,2023-08-04,11,0,2023-06-29,Reservation
True,2023-06-02,2023-08-04,6,0,2023-06-27,Reservation
True,2023-06-23,2023-08-04,5,0,2023-07-15,Reservation
True,2023-05-15,2023-08-04,3,0,2023-05-24,Reservation
True,2023-07-09,2023-08-05,1,0,2023-07-25,Reservation
True,2023-06-02,2023-08-05,2,0,2023-06-18,Reservation
True,2023-07-05,2023-08-05,13,0,2023-07-23,Reservation
True,2023-05-30,2023-08-05,1,0,2023-06-25,Reservation
True,2023-07-14,2023-08-05,4,0,2023-08-02,Reservation
True,2023-06-20,2023-08-05,6,0,2023-07-10,Reservation
True,2023-06-02,2023-08-05,2,0,2023-06-15,Reservation
True,2023-07-01,2023-08-05,4,0,2023-07-23,Reservation
True,2023-06-09,2023-08-06,2,0,2023-06-18,Reservation
True,2023-06-13,2023-08-06,10,0,2023-06-18,Reservation
True,2023-06-19,2023-08-06,6,0,2023-07-02,Reservation
True,2023-06-19,2023-08-06,2,0,2023-07-08,Reservation
True,2023-06-26,2023-08-06,13,0,2023-07-19,Reservation
True,2023-07-08,2023-08-06,2,0,2023-08-06,Reservation
True,2023-05-22,2023-08-07,5,0,2023-06-07,Reservation
True,2023-05-19,2023-08-07,5,0,2023-06-09,Reservation
True,2023-06-12,2023-08-07,1,0,2023-07-04,Reservation
True,2023-07-02,2023-08-07,6,0,2023-07-16,Reservation
True,2023-06-07,2023-08-07,4,0,2023-06-25,Reservation
True,2023-07-01,2023-08-08,3,0,2023-07-18,Reservation
True,2023-07-17,2023-08-08,9,1,,Reservation
True,2023-06-28,2023-08-08,2,0,2023-07-22,Reservation
True,2023-07-09,2023-08-08,1,0,2023-08-01,Reservation
True,2023-06-12,2023-08-08,1,0,2023-06-27,Reservation
True,2023-06-03,2023-08-08,7,0,2023-06-15,Reservation
True,2023-07-07,2023-08-09,7,0,2023-07-27,Reservation
True,2023-07-16,2023-08-09,1,0,2023-08-05,Reservation
True,2023-06-15,2023-08-09,5,0,2023-07-08,Reservation
True,2023-06-10,2023-08-09,7,0,2023-06-30,Reservation
True,2023-06-17,2023-08-09,3,0,2023-07-08,Reservation
True,2023-06-19,2023-08-09,6,0,2023-07-06,Reservation
True,2023-07-10,2023-08-09,5,0,2023-08-01,Reservation
True,2023-07-10,2023-08-09,14,0,2023-08-04,Reservation
True,2023-07-15,2023-08-09,4,0,2023-08-07,Reservation
True,2023-07-15,2023-08-10,3,1,,Reservation
True,2023-05-30,2023-08-10,1,0,2023-06-22,Reservation
True,2023-07-04,2023-08-10,9,0,2023-07-21,Reservation
True,2023-06-13,2023-08-10,2,0,2023-07-04,Reservation
True,2023-07-06,2023-08-10,5,0,2023-07-29,Reservation
True,2023-07-12,2023-08-10,9,0,2023-08-03,Reservation
True,2023-06-06,2023-08-11,1,0,2023-06-29,Reservation
True,2023-06-19,2023-08-11,2,0,2023-07-09,Reservation
True,2023-06-22,2023-08-11,3,0,2023-07-13,Reservation
True,2023-07-02,2023-08-12,1,0,2023-07-23,Reservation
True,2023-05-26,2023-08-12,2,0,2023-06-06,Reservation
True,2023-07-20,2023-08-12,2,0,2023-08-08,Reservation
True,2023-06-19,2023-08-12,2,0,2023-07-08,Reservation
True,2023-07-07,2023-08-12,2,0,2023-07-28,Reservation
True,2023-06-07,2023-08-12,1,0,2023-06-26,Reservation
True,2023-06-03,2023-08-13,1,0,2023-06-21,Reservation
True,2023-07-02,2023-08-13,6,0,2023-07-21,Reservation
True,2023-07-18,2023-08-13,1,1,,Reservation
True,2023-05-25,2023-08-13,2,0,2023-06-08,Reservation
True,2023-06-21,2023-08-13,2,0,2023-07-15,Reservation
True,2023-07-24,2023-08-14,30,1,,Reservation
True,2023-07-03,2023-08-15,6,0,2023-07-17,Reservation
True,2023-07-20,2023-08-15,1,0,2023-08-13,Reservation
True,2023-06-17,2023-08-15,7,0,2023-07-06,Reservation
True,2023-07-04,2023-08-15,1,0,2023-07-21,Reservation
True,2023-07-22,2023-08-16,1,0,2023-08-14,Reservation
True,2023-06-12,2023-08-16,6,0,2023-06-30,Reservation
True,2023-07-08,2023-08-16,2,0,2023-07-29,Reservation
True,2023-07-11,2023-08-16,3,0,2023-07-28,Reservation
True,2023-06-07,2023-08-16,3,0,2023-06-27,Reservation
True,2023-06-23,2023-08-16,1,0,2023-07-17,Reservation
True,2023-06-10,2023-08-17,7,0,2023-06-21,Reservation
True,2023-07-19,2023-08-17,1,0,2023-08-15,Reservation
True,2023-06-02,2023-08-17,5,0,2023-06-25,Reservation
True,2023-06-17,2023-08-18,3,0,2023-07-03,Reservation
True,2023-06-02,2023-08-18,2,0,2023-06-23,Reservation
True,2023-07-04,2023-08-18,1,0,2023-07-22,Reservation
True,2023-07-20,2023-08-19,7,0,2023-08-05,Reservation
True,2023-07-18,2023-08-19,2,0,2023-08-03,Reservation
True,2023-06-01,2023-08-19,7,0,2023-06-22,Reservation
True,2023-06-25,2023-08-19,10,0,2023-07-12,Reservation
True,2023-06-09,2023-08-19,5,0,2023-06-23,Reservation
True,2023-06-13,2023-08-20,6,0,2023-06-26,Reservation
True,2023-07-10,2023-08-20,1,0,2023-07-29,Reservation
True,2023-06-28,2023-08-20,4,0,2023-07-15,Reservation
True,2023-07-23,2023-08-20,8,0,2023-08-15,Reservation
True,2023-06-03,2023-08-20,8,0,2023-06-27,Reservation
True,2023-07-09,2023-08-20,11,0,2023-07-21,Reservation
True,2023-06-28,2023-08-20,4,0,2023-07-14,Reservation
True,2023-06-10,2023-08-20,1,0,2023-06-23,Reservation
True,2023-07-23,2023-08-21,2,1,,Reservation
True,2023-07-12,2023-08-21,9,0,2023-07-28,Reservation
True,2023-06-18,2023-08-21,2,0,2023-07-06,Reservation
True,2023-07-05,2023-08-21,3,0,2023-07-19,Reservation
True,2023-07-09,2023-08-21,2,0,2023-07-18,Reservation
True,2023-06-13,2023-08-21,2,0,2023-06-27,Reservation
True,2023-07-15,2023-08-21,11,0,2023-08-09,Reservation
True,2023-06-27,2023-08-21,5,0,2023-07-17,Reservation
True,2023-06-06,2023-08-22,3,0,2023-07-07,Reservation
True,2023-07-29,2023-08-22,1,0,2023-08-22,Reservation
True,2023-07-18,2023-08-22,6,0,2023-08-22,Reservation
True,2023-06-25,2023-08-23,5,0,2023-07-11,Reservation
True,2023-07-17,2023-08-23,16,0,2023-08-06,Reservation
True,2023-06-21,2023-08-23,1,0,2023-07-11,Reservation
True,2023-07-20,2023-08-24,3,0,2023-08-07,Reservation
True,2023-06-30,2023-08-24,2,0,2023-07-26,Reservation
True,2023-06-25,2023-08-24,2,0,2023-07-15,Reservation
True,2023-06-10,2023-08-24,1,0,2023-07-03,Reservation
True,2023-06-07,2023-08-24,9,0,2023-06-29,Reservation
True,2023-07-03,2023-08-24,1,0,2023-08-03,Reservation
True,2023-07-01,2023-08-24,6,0,2023-07-17,Reservation
True,2023-07-06,2023-08-25,2,0,2023-07-28,Reservation
True,2023-06-13,2023-08-25,1,0,2023-07-07,Reservation
True,2023-08-01,2023-08-25,9,0,2023-08-21,Reservation
True,2023-06-10,2023-08-25,1,0,2023-06-20,Reservation
True,2023-06-15,2023-08-25,3,0,2023-06-25,Reservation
True,2023-06-11,2023-08-25,6,0,2023-06-24,Reservation
True,2023-07-27,2023-08-26,12,0,2023-08-20,Reservation
True,2023-06-23,2023-08-26,12,0,2023-07-05,Reservation
True,2023-07-06,2023-08-26,6,0,2023-07-21,Reservation
True,2023-07-28,2023-08-26,4,0,2023-08-18,Reservation
True,2023-07-02,2023-08-27,4,0,2023-07-18,Reservation
True,2023-07-04,2023-08-27,8,0,2023-07-23,Reservation
True,2023-08-05,2023-08-28,2,0,2023-08-26,Reservation
True,2023-07-22,2023-08-28,7,0,2023-08-12,Reservation
True,2023-07-06,2023-08-28,1,0,2023-07-29,Reservation
True,2023-06-19,2023-08-28,5,0,2023-07-14,Reservation
True,2023-06-26,2023-08-28,11,0,2023-07-16,Reservation
True,2023-07-27,2023-08-29,3,0,2023-08-11,Reservation
True,2023-07-16,2023-08-29,3,0,2023-07-28,Reservation
True,2023-07-15,2023-08-29,1,0,2023-08-09,Reservation
True,2023-08-01,2023-08-29,2,0,2023-08-24,Reservation
True,2023-08-05,2023-08-30,7,0,2023-08-21,Reservation
True,2023-06-16,2023-08-30,8,0,2023-07-07,Reservation
True,2023-07-10,2023-08-30,2,0,2023-08-02,Reservation
True,2023-06-24,2023-09-01,1,0,2023-07-11,Reservation
True,2023-06-21,2023-09-01,4,0,2023-07-16,Reservation
True,2023-06-16,2023-09-01,1,0,2023-07-09,Reservation
True,2023-06-19,2023-09-01,3,0,2023-07-03,Reservation
True,2023-07-09,2023-09-02,3,0,2023-07-19,Reservation
True,2023-07-11,2023-09-02,4,0,2023-07-27,Reservation
True,2023-06-27,2023-09-02,5,0,2023-07-12,Reservation
True,2023-07-08,2023-09-02,1,0,2023-07-25,Reservation
True,2023-07-01,2023-09-02,4,0,2023-07-28,Reservation
True,2023-07-02,2023-09-04,11,0,2023-07-12,Reservation
True,2023-07-22,2023-09-04,4,0,2023-08-13,Reservation
True,2023-06-28,2023-09-05,3,0,2023-07-14,Reservation
True,2023-07-22,2023-09-05,8,0,2023-08-09,Reservation
True,2023-07-30,2023-09-05,11,0,2023-08-18,Reservation
True,2023-08-08,2023-09-06,4,0,2023-09-01,Reservation
True,2023-07-01,2023-09-06,2,0,2023-07-19,Reservation
True,2023-08-10,2023-09-06,6,0,2023-08-30,Reservation
True,2023-07-03,2023-09-06,1,0,2023-07-11,Reservation
True,2023-07-17,2023-09-06,4,0,2023-08-09,Reservation
True,2023-07-09,2023-09-07,2,0,2023-07-26,Reservation
True,2023-07-12,2023-09-07,1,0,2023-08-05,Reservation
True,2023-07-18,2023-09-07,9,0,2023-08-11,Reservation
True,2023-07-23,2023-09-07,10,0,2023-08-17,Reservation
True,2023-08-12,2023-09-07,8,0,2023-09-04,Reservation
True,2023-08-06,2023-09-07,2,0,2023-08-21,Reservation
True,2023-07-04,2023-09-08,9,0,2023-07-18,Reservation
True,2023-07-28,2023-09-08,6,0,2023-08-16,Reservation
True,2023-06-30,2023-09-08,2,0,2023-07-15,Reservation
True,2023-08-10,2023-09-08,8,0,2023-09-01,Reservation
True,2023-07-27,2023-09-09,2,0,2023-08-08,Reservation
True,2023-08-15,2023-09-09,7,0,2023-09-09,Reservation
True,2023-07-16,2023-09-09,6,0,2023-08-08,Reservation
True,2023-07-28,2023-09-09,7,0,2023-08-25,Reservation
True,2023-07-27,2023-09-09,2,0,2023-08-19,Reservation
True,2023-07-01,2023-09-09,11,0,2023-07-24,Reservation
True,2023-08-15,2023-09-10,3,0,2023-09-06,Reservation
True,2023-08-03,2023-09-10,6,0,2023-08-21,Reservation
True,2023-07-15,2023-09-10,1,0,2023-08-11,Reservation
True,2023-08-15,2023-09-10,13,0,2023-08-27,Reservation
True,2023-06-25,2023-09-10,2,0,2023-07-13,Reservation
True,2023-08-07,2023-09-11,12,0,2023-08-27,Reservation
True,2023-06-30,2023-09-11,3,0,2023-07-15,Reservation
True,2023-07-19,2023-09-12,2,0,2023-08-10,Reservation
True,2023-06-23,2023-09-12,2,0,2023-07-18,Reservation
True,2023-08-13,2023-09-12,1,0,2023-09-01,Reservation
True,2023-08-15,2023-09-12,9,0,2023-09-08,Reservation
True,2023-08-20,2023-09-13,2,0,2023-08-30,Reservation
True,2023-07-10,2023-09-13,9,0,2023-07-30,Reservation
True,2023-07-06,2023-09-13,8,0,2023-07-23,Reservation
True,2023-07-29,2023-09-13,2,0,2023-08-23,Reservation
True,2023-08-06,2023-09-13,13,0,2023-08-26,Reservation
True,2023-08-11,2023-09-14,3,0,2023-08-26,Reservation
True,2023-08-24,2023-09-15,7,0,2023-09-12,Reservation
True,2023-06-30,2023-09-15,8,0,2023-07-17,Reservation
True,2023-07-27,2023-09-15,3,0,2023-08-14,Reservation
True,2023-08-12,2023-09-15,5,0,2023-09-04,Reservation
True,2023-06-30,2023-09-15,1,0,2023-07-18,Reservation
True,2023-07-18,2023-09-15,1,0,2023-08-02,Reservation
True,2023-07-02,2023-09-16,1,0,2023-08-02,Reservation
True,2023-08-22,2023-09-16,2,1,,Reservation
True,2023-07-02,2023-09-16,7,0,2023-07-16,Reservation
True,2023-07-03,2023-09-17,13,0,2023-07-13,Reservation
True,2023-08-04,2023-09-17,1,0,2023-08-25,Reservation
True,2023-07-01,2023-09-17,3,0,2023-07-13,Reservation
True,2023-07-07,2023-09-17,3,0,2023-08-02,Reservation
True,2023-08-16,2023-09-17,6,0,2023-09-02,Reservation
True,2023-07-28,2023-09-18,3,0,2023-08-21,Reservation
True,2023-07-03,2023-09-18,2,0,2023-07-15,Reservation
True,2023-08-16,2023-09-18,1,0,2023-09-03,Reservation
True,2023-08-12,2023-09-18,1,0,2023-09-04,Reservation
True,2023-07-29,2023-09-18,3,0,2023-08-20,Reservation
True,2023-08-16,2023-09-18,1,0,2023-09-03,Reservation
True,2023-07-26,2023-09-19,4,0,2023-08-10,Reservation
True,2023-08-05,2023-09-19,5,0,2023-08-17,Reservation
True,2023-08-23,2023-09-19,3,0,2023-09-18,Reservation
True,2023-07-03,2023-09-19,3,0,2023-07-22,Reservation
True,2023-08-11,2023-09-19,7,0,2023-09-08,Reservation
True,2023-08-16,2023-09-20,9,0,2023-09-05,Reservation
True,2023-08-04,2023-09-20,1,0,2023-09-02,Reservation
True,2023-08-09,2023-09-20,4,0,2023-08-29,Reservation
True,2023-07-29,2023-09-20,3,0,2023-08-19,Reservation
True,2023-08-03,2023-09-21,1,0,2023-08-22,Reservation
True,2023-07-29,2023-09-21,3,0,2023-08-15,Reservation
True,2023-07-12,2023-09-21,6,0,2023-08-02,Reservation
True,2023-07-06,2023-09-21,8,0,2023-07-19,Reservation
True,2023-08-13,2023-09-21,3,0,2023-09-01,Reservation
True,2023-08-21,2023-09-22,8,0,2023-09-10,Reservation
True,2023-08-11,2023-09-22,2,0,2023-08-27,Reservation
True,2023-07-15,2023-09-22,2,0,2023-08-01,Reservation
True,2023-08-02,2023-09-22,8,0,2023-08-20,Reservation
True,2023-07-18,2023-09-22,4,0,2023-08-04,Reservation
True,2023-07-05,2023-09-22,7,0,2023-07-22,Reservation
True,2023-07-28,2023-09-23,3,0,2023-08-17,Reservation
True,2023-08-17,2023-09-23,3,0,2023-09-12,Reservation
True,2023-08-10,2023-09-23,5,0,2023-09-03,Reservation
True,2023-07-08,2023-09-23,2,0,2023-08-03,Reservation
True,2023-08-02,2023-09-23,11,0,2023-08-21,Reservation
True,2023-07-24,2023-09-24,6,0,2023-08-11,Reservation
True,2023-08-05,2023-09-24,1,0,2023-08-25,Reservation
True,2023-08-12,2023-09-24,3,0,2023-09-02,Reservation
True,2023-08-23,2023-09-24,4,0,2023-09-08,Reservation
True,2023-08-01,2023-09-24,6,0,2023-08-19,Reservation
True,2023-08-05,2023-09-24,5,0,2023-09-02,Reservation
True,2023-07-25,2023-09-24,4,0,2023-08-16,Reservation
True,2023-08-21,2023-09-25,9,0,2023-09-13,Reservation
True,2023-08-23,2023-09-25,13,0,2023-09-12,Reservation
True,2023-09-03,2023-09-25,2,1,,Reservation
True,2023-08-10,2023-09-25,6,0,2023-08-29,Reservation
True,2023-07-25,2023-09-26,4,0,2023-08-15,Reservation
True,2023-07-14,2023-09-26,3,0,2023-07-28,Reservation
True,2023-09-02,2023-09-26,2,0,2023-09-21,Reservation
True,2023-08-09,2023-09-26,5,0,2023-08-29,Reservation
True,2023-08-07,2023-09-26,6,0,2023-09-04,Reservation
True,2023-07-12,2023-09-27,6,0,2023-08-07,Reservation
True,2023-08-24,2023-09-27,3,0,2023-09-12,Reservation
True,2023-07-10,2023-09-27,9,0,2023-08-01,Reservation
True,2023-07-19,2023-09-27,3,0,2023-08-12,Reservation
True,2023-07-17,2023-09-28,3,0,2023-07-28,Reservation
True,2023-08-24,2023-09-28,3,0,2023-09-20,Reservation
True,2023-09-02,2023-09-28,3,1,,Reservation
True,2023-07-23,2023-09-28,1,0,2023-08-09,Reservation
True,2023-08-24,2023-09-28,3,0,2023-09-10,Reservation
True,2023-07-21,2023-09-29,4,0,2023-08-14,Reservation
True,2023-07-24,2023-09-29,11,0,2023-08-09,Reservation
True,2023-08-08,2023-09-29,1,0,2023-08-26,Reservation
True,2023-08-28,2023-09-29,2,0,2023-09-24,Reservation
True,2023-08-12,2023-09-29,1,0,2023-08-29,Reservation
True,2023-08-09,2023-09-29,1,0,2023-09-07,Reservation
True,2023-07-14,2023-09-29,10,0,2023-08-06,Reservation
True,2023-08-25,2023-09-29,1,0,2023-09-14,Reservation
True,2023-09-07,2023-09-30,4,0,2023-09-30,Reservation
True,2023-08-10,2023-10-01,2,0,2023-09-04,Reservation
True,2023-09-01,2023-10-01,7,0,2023-09-22,Reservation
True,2023-07-17,2023-10-01,2,0,2023-08-09,Reservation
True,2023-09-08,2023-10-01,1,0,2023-09-18,Reservation
True,2023-08-15,2023-10-01,2,0,2023-09-02,Reservation
True,2023-08-12,2023-10-01,2,0,2023-08-25,Reservation
True,2023-07-14,2023-10-01,5,0,2023-08-09,Reservation
True,2023-09-04,2023-10-02,4,0,2023-09-23,Reservation
True,2023-08-12,2023-10-02,4,0,2023-08-30,Reservation
True,2023-09-06,2023-10-02,3,0,2023-09-27,Reservation
True,2023-07-14,2023-10-02,1,0,2023-08-10,Reservation
True,2023-09-04,2023-10-02,3,0,2023-09-17,Reservation
True,2023-09-11,2023-10-03,14,0,2023-09-26,Reservation
True,2023-09-09,2023-10-03,19,0,2023-09-21,Reservation
True,2023-08-04,2023-10-03,3,0,2023-08-25,Reservation
True,2023-08-15,2023-10-03,5,0,2023-08-26,Reservation
True,2023-09-02,2023-10-03,1,0,2023-09-23,Reservation
True,2023-08-28,2023-10-04,5,0,2023-09-11,Reservation
True,2023-07-18,2023-10-04,3,0,2023-08-22,Reservation
True,2023-08-28,2023-10-04,3,0,2023-09-06,Reservation
True,2023-08-02,2023-10-04,12,0,2023-08-21,Reservation
True,2023-08-12,2023-10-04,1,0,2023-08-29,Reservation
True,2023-07-16,2023-10-04,12,0,2023-08-07,Reservation
True,2023-07-22,2023-10-05,5,0,2023-08-15,Reservation
True,2023-09-09,2023-10-05,4,0,2023-09-29,Reservation
True,2023-08-21,2023-10-05,4,0,2023-09-06,Reservation
True,2023-08-20,2023-10-05,1,0,2023-09-19,Reservation
True,2023-08-26,2023-10-05,1,0,2023-09-18,Reservation
True,2023-08-28,2023-10-05,3,0,2023-09-09,Reservation
True,2023-09-11,2023-10-05,1,1,,Reservation
True,2023-08-22,2023-10-06,2,0,2023-09-13,Reservation
True,2023-08-07,2023-10-06,15,0,2023-08-19,Reservation
True,2023-08-20,2023-10-06,2,0,2023-09-19,Reservation
True,2023-08-17,2023-10-06,4,0,2023-09-02,Reservation
True,2023-08-29,2023-10-07,5,0,2023-09-22,Reservation
True,2023-08-30,2023-10-07,3,0,2023-09-19,Reservation
True,2023-09-04,2023-10-07,2,0,2023-09-25,Reservation
True,2023-08-09,2023-10-07,1,0,2023-08-22,Reservation
True,2023-08-05,2023-10-07,4,0,2023-09-01,Reservation
True,2023-08-12,2023-10-08,9,0,2023-08-24,Reservation
True,2023-09-05,2023-10-08,2,0,2023-10-03,Reservation
True,2023-08-26,2023-10-08,10,0,2023-09-09,Reservation
True,2023-07-29,2023-10-08,5,0,2023-08-11,Reservation
True,2023-08-25,2023-10-09,3,0,2023-09-05,Reservation
True,2023-09-11,2023-10-09,3,0,2023-09-27,Reservation
True,2023-08-25,2023-10-09,5,0,2023-09-15,Reservation
True,2023-08-01,2023-10-09,1,0,2023-08-23,Reservation
True,2023-07-30,2023-10-10,1,0,2023-08-26,Reservation
True,2023-09-13,2023-10-10,1,0,2023-10-03,Reservation
True,2023-07-24,2023-10-10,3,0,2023-08-17,Reservation
True,2023-08-01,2023-10-10,22,0,2023-08-21,Reservation
True,2023-08-05,2023-10-11,1,0,2023-09-09,Reservation
True,2023-08-08,2023-10-11,2,0,2023-08-29,Reservation
True,2023-08-16,2023-10-11,4,0,2023-09-04,Reservation
True,2023-09-14,2023-10-11,2,0,2023-10-02,Reservation
True,2023-09-18,2023-10-12,4,1,,Reservation
True,2023-09-12,2023-10-12,1,0,2023-10-05,Reservation
True,2023-08-11,2023-10-12,12,0,2023-08-28,Reservation
True,2023-08-13,2023-10-12,3,0,2023-08-26,Reservation
True,2023-08-22,2023-10-12,3,0,2023-09-10,Reservation
True,2023-08-09,2023-10-12,5,0,2023-08-29,Reservation
True,2023-09-01,2023-10-13,4,0,2023-09-30,Reservation
True,2023-08-09,2023-10-13,1,0,2023-09-07,Reservation
True,2023-07-29,2023-10-13,5,0,2023-08-22,Reservation
True,2023-08-30,2023-10-13,1,0,2023-09-29,Reservation
True,2023-08-05,2023-10-14,6,0,2023-08-26,Reservation
True,2023-09-17,2023-10-14,19,0,2023-10-11,Reservation
True,2023-09-14,2023-10-14,4,0,2023-09-27,Reservation
True,2023-09-05,2023-10-14,5,0,2023-09-17,Reservation
True,2023-09-10,2023-10-15,3,0,2023-10-05,Reservation
True,2023-08-11,2023-10-15,15,0,2023-09-01,Reservation
True,2023-09-16,2023-10-15,5,0,2023-10-11,Reservation
True,2023-08-17,2023-10-15,9,0,2023-09-08,Reservation
True,2023-09-07,2023-10-16,4,0,2023-09-28,Reservation
True,2023-09-24,2023-10-16,3,0,2023-10-05,Reservation
True,2023-09-16,2023-10-16,5,0,2023-10-03,Reservation
True,2023-09-14,2023-10-16,2,0,2023-10-08,Reservation
True,2023-08-14,2023-10-16,5,0,2023-09-08,Reservation
True,2023-09-06,2023-10-17,2,0,2023-09-29,Reservation
True,2023-09-07,2023-10-17,6,0,2023-09-28,Reservation
True,2023-08-05,2023-10-17,3,0,2023-09-02,Reservation
True,2023-07-30,2023-10-17,1,0,2023-08-22,Reservation
True,2023-09-10,2023-10-18,8,0,2023-09-28,Reservation
True,2023-08-23,2023-10-18,11,0,2023-09-15,Reservation
True,2023-09-04,2023-10-18,5,0,2023-09-27,Reservation
True,2023-09-07,2023-10-18,1,0,2023-10-03,Reservation
True,2023-08-25,2023-10-18,6,0,2023-09-08,Reservation
True,2023-09-02,2023-10-18,1,0,2023-09-18,Reservation
True,2023-09-15,2023-10-18,11,0,2023-10-05,Reservation
True,2023-08-15,2023-10-19,10,0,2023-09-06,Reservation
True,2023-09-30,2023-10-20,7,0,2023-10-20,Reservation
True,2023-09-18,2023-10-20,5,0,2023-10-09,Reservation
True,2023-08-24,2023-10-20,1,0,2023-09-12,Reservation
True,2023-08-25,2023-10-20,1,0,2023-09-05,Reservation
True,2023-09-12,2023-10-20,5,0,2023-09-28,Reservation
True,2023-08-25,2023-10-21,1,0,2023-09-16,Reservation
True,2023-08-19,2023-10-21,5,0,2023-09-04,Reservation
True,2023-09-25,2023-10-21,6,0,2023-10-07,Reservation
True,2023-08-19,2023-10-21,2,0,2023-09-14,Reservation
True,2023-08-08,2023-10-21,3,0,2023-08-25,Reservation
True,2023-09-29,2023-10-21,9,0,2023-10-18,Reservation
True,2023-08-30,2023-10-22,1,0,2023-09-23,Reservation
True,2023-08-24,2023-10-22,6,0,2023-09-10,Reservation
True,2023-09-30,2023-10-22,1,1,,Reservation
True,2023-08-21,2023-10-23,8,0,2023-09-06,Reservation
True,2023-10-02,2023-10-23,2,0,2023-10-21,Reservation
True,2023-09-11,2023-10-24,3,0,2023-09-26,Reservation
True,2023-09-07,2023-10-24,8,0,2023-09-30,Reservation
True,2023-09-28,2023-10-24,1,0,2023-10-08,Reservation
True,2023-09-22,2023-10-24,9,0,2023-10-23,Reservation
True,2023-08-23,2023-10-24,2,0,2023-09-08,Reservation
True,2023-08-30,2023-10-24,3,0,2023-09-26,Reservation
True,2023-09-17,2023-10-25,5,0,2023-10-06,Reservation
True,2023-09-18,2023-10-25,3,0,2023-09-30,Reservation
True,2023-09-27,2023-10-25,1,0,2023-10-14,Reservation
True,2023-09-23,2023-10-25,1,0,2023-10-10,Reservation
True,2023-08-17,2023-10-26,1,0,2023-09-01,Reservation
True,2023-10-04,2023-10-27,3,0,2023-10-21,Reservation
True,2023-09-14,2023-10-27,2,0,2023-10-06,Reservation
True,2023-09-28,2023-10-27,3,0,2023-10-15,Reservation
True,2023-08-17,2023-10-27,5,0,2023-08-22,Reservation
True,2023-09-22,2023-10-27,9,0,2023-10-08,Reservation
True,2023-08-20,2023-10-27,1,0,2023-09-05,Reservation
True,2023-10-05,2023-10-28,1,0,2023-10-21,Reservation
True,2023-10-01,2023-10-28,3,0,2023-10-22,Reservation
True,2023-08-26,2023-10-28,1,0,2023-09-12,Reservation
True,2023-08-20,2023-10-28,6,0,2023-09-12,Reservation
True,2023-09-18,2023-10-28,2,0,2023-10-21,Reservation
True,2023-09-17,2023-10-28,3,0,2023-10-08,Reservation
True,2023-09-02,2023-10-29,6,0,2023-09-22,Reservation
True,2023-10-06,2023-10-29,9,0,2023-10-22,Reservation
True,2023-08-30,2023-10-29,8,0,2023-09-16,Reservation
True,2023-09-11,2023-10-29,4,0,2023-09-29,Reservation
True,2023-08-17,2023-10-30,17,0,2023-08-30,Reservation
True,2023-08-16,2023-10-30,6,0,2023-09-06,Reservation
True,2023-09-15,2023-11-01,7,0,2023-10-12,Reservation
True,2023-08-22,2023-11-01,5,0,2023-09-10,Reservation
True,2023-09-25,2023-11-01,2,0,2023-10-10,Reservation
True,2023-09-14,2023-11-01,10,0,2023-09-30,Reservation
True,2023-09-01,2023-11-02,1,0,2023-10-01,Reservation
True,2023-09-29,2023-11-02,5,0,2023-10-15,Reservation
True,2023-09-14,2023-11-02,4,0,2023-10-03,Reservation
True,2023-08-22,2023-11-02,7,0,2023-09-16,Reservation
True,2023-09-28,2023-11-02,3,0,2023-10-18,Reservation
True,2023-08-25,2023-11-02,2,0,2023-09-07,Reservation
True,2023-09-27,2023-11-02,1,0,2023-10-15,Reservation
True,2023-09-01,2023-11-03,3,0,2023-09-18,Reservation
True,2023-09-01,2023-11-03,1,0,2023-09-25,Reservation
True,2023-09-20,2023-11-03,2,0,2023-10-13,Reservation
True,2023-09-15,2023-11-03,4,0,2023-10-04,Reservation
True,2023-09-23,2023-11-03,3,0,2023-10-11,Reservation
True,2023-09-15,2023-11-04,2,0,2023-10-03,Reservation
True,2023-09-04,2023-11-04,5,0,2023-09-23,Reservation
True,2023-09-01,2023-11-04,1,0,2023-09-20,Reservation
True,2023-09-09,2023-11-04,15,0,2023-10-04,Reservation
True,2023-08-21,2023-11-04,1,0,2023-09-21,Reservation
True,2023-08-26,2023-11-04,18,0,2023-09-08,Reservation
True,2023-10-11,2023-11-04,7,0,2023-10-30,Reservation
True,2023-08-30,2023-11-04,6,0,2023-09-12,Reservation
True,2023-10-05,2023-11-05,4,0,2023-10-20,Reservation
True,2023-09-06,2023-11-05,2,0,2023-09-27,Reservation
True,2023-10-07,2023-11-05,11,0,2023-10-30,Reservation
True,2023-09-09,2023-11-05,15,0,2023-09-25,Reservation
True,2023-09-05,2023-11-05,1,0,2023-09-25,Reservation
True,2023-09-28,2023-11-05,1,0,2023-10-20,Reservation
True,2023-09-28,2023-11-06,11,0,2023-10-19,Reservation
True,2023-08-27,2023-11-06,1,0,2023-09-08,Reservation
True,2023-08-29,2023-11-06,1,0,2023-09-11,Reservation
True,2023-10-14,2023-11-07,5,0,2023-10-25,Reservation
True,2023-10-05,2023-11-07,7,0,2023-10-15,Reservation
True,2023-09-09,2023-11-07,2,0,2023-09-28,Reservation
True,2023-09-04,2023-11-07,1,0,2023-09-20,Reservation
True,2023-10-03,2023-11-07,11,0,2023-10-20,Reservation
True,2023-09-25,2023-11-07,9,0,2023-10-09,Reservation
True,2023-10-07,2023-11-08,3,0,2023-10-23,Reservation
True,2023-09-26,2023-11-08,5,0,2023-10-11,Reservation
True,2023-10-08,2023-11-08,6,0,2023-10-25,Reservation
True,2023-09-15,2023-11-08,2,0,2023-09-25,Reservation
True,2023-10-01,2023-11-08,6,0,2023-10-24,Reservation
True,2023-09-16,2023-11-09,2,0,2023-10-09,Reservation
True,2023-10-07,2023-11-09,3,0,2023-11-09,Reservation
True,2023-09-14,2023-11-09,1,0,2023-10-08,Reservation
True,2023-09-26,2023-11-10,2,0,2023-10-19,Reservation
True,2023-10-07,2023-11-10,4,0,2023-10-20,Reservation
True,2023-08-29,2023-11-10,2,0,2023-09-27,Reservation
True,2023-09-14,2023-11-10,7,0,2023-10-06,Reservation
True,2023-09-12,2023-11-11,2,0,2023-09-28,Reservation
True,2023-09-10,2023-11-11,2,0,2023-09-30,Reservation
True,2023-10-02,2023-11-12,15,0,2023-10-18,Reservation
True,2023-10-03,2023-11-12,4,0,2023-10-21,Reservation
True,2023-10-18,2023-11-12,3,1,,Reservation
True,2023-09-11,2023-11-12,1,0,2023-09-30,Reservation
True,2023-09-07,2023-11-12,8,0,2023-09-25,Reservation
True,2023-10-11,2023-11-13,1,0,2023-11-01,Reservation
True,2023-09-28,2023-11-13,3,0,2023-10-10,Reservation
True,2023-10-05,2023-11-13,9,0,2023-11-02,Reservation
True,2023-09-02,2023-11-13,3,0,2023-09-17,Reservation
True,2023-09-27,2023-11-13,1,0,2023-10-20,Reservation
True,2023-09-27,2023-11-14,12,0,2023-10-24,Reservation
True,2023-09-06,2023-11-14,4,0,2023-09-25,Reservation
True,2023-09-26,2023-11-14,14,0,2023-10-26,Reservation
True,2023-09-05,2023-11-14,1,0,2023-09-22,Reservation
True,2023-09-22,2023-11-14,1,0,2023-10-13,Reservation
True,2023-10-21,2023-11-14,1,1,,Reservation
True,2023-10-16,2023-11-14,2,0,2023-10-27,Reservation
True,2023-09-23,2023-11-14,6,0,2023-10-15,Reservation
True,2023-09-11,2023-11-15,4,0,2023-10-07,Reservation
True,2023-10-15,2023-11-15,2,0,2023-11-07,Reservation
True,2023-10-15,2023-11-15,5,0,2023-10-21,Reservation
True,2023-09-20,2023-11-16,1,0,2023-10-14,Reservation
True,2023-09-14,2023-11-16,4,0,2023-10-07,Reservation
True,2023-09-05,2023-11-16,13,0,2023-09-25,Reservation
True,2023-09-24,2023-11-16,3,0,2023-10-17,Reservation
True,2023-10-26,2023-11-16,2,1,,Reservation
True,2023-10-24,2023-11-17,6,0,2023-11-11,Reservation
True,2023-09-23,2023-11-17,2,0,2023-10-15,Reservation
True,2023-10-26,2023-11-17,1,0,2023-11-12,Reservation
True,2023-10-15,2023-11-17,4,0,2023-11-03,Reservation
True,2023-09-06,2023-11-17,13,0,2023-09-24,Reservation
True,2023-10-17,2023-11-18,5,0,2023-11-06,Reservation
True,2023-09-07,2023-11-18,1,0,2023-09-23,Reservation
True,2023-09-17,2023-11-18,3,0,2023-10-08,Reservation
True,2023-10-20,2023-11-18,5,0,2023-11-09,Reservation
True,2023-09-01,2023-11-18,10,0,2023-09-22,Reservation
True,2023-10-16,2023-11-19,2,0,2023-11-06,Reservation
True,2023-09-17,2023-11-19,1,0,2023-10-06,Reservation
True,2023-09-20,2023-11-19,13,0,2023-10-10,Reservation
True,2023-09-04,2023-11-19,6,0,2023-09-23,Reservation
True,2023-10-24,2023-11-19,3,0,2023-11-16,Reservation
True,2023-10-21,2023-11-19,3,0,2023-11-08,Reservation
True,2023-10-05,2023-11-20,2,0,2023-10-28,Reservation
True,2023-10-13,2023-11-20,1,0,2023-11-03,Reservation
True,2023-09-18,2023-11-20,5,0,2023-10-07,Reservation
True,2023-09-10,2023-11-20,3,0,2023-10-03,Reservation
True,2023-10-21,2023-11-20,3,0,2023-11-10,Reservation
True,2023-09-28,2023-11-21,7,0,2023-10-16,Reservation
True,2023-10-12,2023-11-21,1,0,2023-11-07,Reservation
True,2023-09-26,2023-11-21,5,0,2023-10-15,Reservation
True,2023-09-22,2023-11-21,3,0,2023-10-09,Reservation
True,2023-09-24,2023-11-22,3,0,2023-10-19,Reservation
True,2023-09-22,2023-11-22,1,0,2023-10-15,Reservation
True,2023-10-22,2023-11-22,10,0,2023-11-14,Reservation
True,2023-10-16,2023-11-23,2,0,2023-11-07,Reservation
True,2023-10-23,2023-11-23,2,0,2023-11-10,Reservation
True,2023-10-17,2023-11-23,6,0,2023-11-06,Reservation
True,2023-10-05,2023-11-23,9,0,2023-10-17,Reservation
True,2023-10-03,2023-11-23,5,0,2023-10-22,Reservation
True,2023-09-10,2023-11-23,6,0,2023-09-29,Reservation
True,2023-10-02,2023-11-23,2,0,2023-10-17,Reservation
True,2023-09-21,2023-11-23,8,0,2023-10-20,Reservation
True,2023-10-28,2023-11-24,2,1,,Reservation
True,2023-09-08,2023-11-24,1,0,2023-09-28,Reservation
True,2023-09-14,2023-11-24,1,0,2023-09-27,Reservation
True,2023-10-18,2023-11-24,8,0,2023-11-13,Reservation
True,2023-10-21,2023-11-24,1,0,2023-11-16,Reservation
True,2023-10-17,2023-11-24,7,0,2023-11-18,Reservation
True,2023-09-28,2023-11-24,7,0,2023-10-13,Reservation
True,2023-10-18,2023-11-24,2,0,2023-10-27,Reservation
True,2023-10-11,2023-11-25,2,0,2023-10-22,Reservation
True,2023-10-13,2023-11-25,3,0,2023-10-30,Reservation
True,2023-09-13,2023-11-25,3,0,2023-09-30,Reservation
True,2023-09-24,2023-11-26,1,0,2023-10-13,Reservation
True,2023-10-23,2023-11-26,1,0,2023-11-07,Reservation
True,2023-10-27,2023-11-26,5,0,2023-11-14,Reservation
True,2023-10-24,2023-11-27,1,0,2023-11-16,Reservation
True,2023-09-28,2023-11-27,2,0,2023-10-30,Reservation
True,2023-09-10,2023-11-27,4,0,2023-10-02,Reservation
True,2023-10-03,2023-11-27,11,0,2023-10-17,Reservation
True,2023-09-25,2023-11-28,7,0,2023-10-11,Reservation
True,2023-09-29,2023-11-28,3,0,2023-10-19,Reservation
True,2023-09-27,2023-11-28,9,0,2023-10-23,Reservation
True,2023-10-19,2023-11-28,6,0,2023-11-13,Reservation
True,2023-10-29,2023-11-29,6,0,2023-11-17,Reservation
True,2023-10-12,2023-11-29,2,0,2023-10-28,Reservation
True,2023-11-04,2023-11-29,4,0,2023-11-23,Reservation
True,2023-10-14,2023-11-29,3,0,2023-11-09,Reservation
True,2023-11-04,2023-11-30,4,0,2023-11-30,Reservation
True,2023-10-25,2023-11-30,1,0,2023-11-12,Reservation
True,2023-10-01,2023-12-01,3,0,2023-10-23,Reservation
True,2023-11-01,2023-12-01,7,0,2023-11-19,Reservation
True,2023-11-01,2023-12-01,2,0,2023-11-16,Reservation
True,2023-09-26,2023-12-02,2,0,2023-10-13,Reservation
True,2023-10-03,2023-12-02,4,0,2023-10-27,Reservation
True,2023-10-13,2023-12-02,6,0,2023-11-06,Reservation
True,2023-11-09,2023-12-02,1,0,2023-11-30,Reservation
True,2023-10-16,2023-12-02,3,0,2023-10-30,Reservation
True,2023-11-06,2023-12-03,1,0,2023-11-26,Reservation
True,2023-09-23,2023-12-03,2,0,2023-10-16,Reservation
True,2023-10-22,2023-12-03,4,0,2023-11-20,Reservation
True,2023-11-08,2023-12-03,20,0,2023-12-03,Reservation
True,2023-10-24,2023-12-03,2,0,2023-11-07,Reservation
True,2023-10-23,2023-12-03,3,0,2023-11-16,Reservation
True,2023-11-10,2023-12-03,3,0,2023-11-30,Reservation
True,2023-09-19,2023-12-03,1,0,2023-10-06,Reservation
True,2023-09-21,2023-12-03,1,0,2023-10-13,Reservation
True,2023-11-12,2023-12-04,5,0,2023-11-30,Reservation
True,2023-11-10,2023-12-04,4,0,2023-11-28,Reservation
True,2023-10-14,2023-12-04,7,0,2023-10-30,Reservation
True,2023-10-11,2023-12-04,5,0,2023-11-09,Reservation
True,2023-09-20,2023-12-04,1,0,2023-10-04,Reservation
True,2023-10-26,2023-12-05,7,0,2023-11-08,Reservation
True,2023-10-02,2023-12-05,5,0,2023-10-20,Reservation
True,2023-09-26,2023-12-05,16,0,2023-10-13,Reservation
True,2023-10-27,2023-12-06,4,0,2023-11-16,Reservation
True,2023-11-12,2023-12-07,3,0,2023-12-04,Reservation
True,2023-09-28,2023-12-07,3,0,2023-10-15,Reservation
True,2023-10-11,2023-12-07,8,0,2023-11-01,Reservation
True,2023-10-12,2023-12-07,4,0,2023-10-25,Reservation
True,2023-11-07,2023-12-07,5,0,2023-11-24,Reservation
True,2023-10-09,2023-12-07,1,0,2023-10-21,Reservation
True,2023-10-20,2023-12-07,2,0,2023-11-05,Reservation
True,2023-09-22,2023-12-07,2,0,2023-10-14,Reservation
True,2023-11-01,2023-12-07,7,0,2023-11-13,Reservation
True,2023-10-14,2023-12-07,2,0,2023-11-08,Reservation
True,2023-10-11,2023-12-07,8,0,2023-11-02,Reservation
True,2023-10-16,2023-12-07,3,0,2023-11-15,Reservation
True,2023-10-13,2023-12-08,2,0,2023-11-06,Reservation
True,2023-10-23,2023-12-08,4,0,2023-11-17,Reservation
True,2023-10-28,2023-12-08,6,0,2023-11-24,Reservation
True,2023-10-10,2023-12-08,4,0,2023-10-25,Reservation
True,2023-11-01,2023-12-09,3,0,2023-11-28,Reservation
True,2023-09-21,2023-12-09,1,0,2023-10-11,Reservation
True,2023-10-06,2023-12-09,3,0,2023-10-30,Reservation
True,2023-10-29,2023-12-09,2,0,2023-12-02,Reservation
True,2023-11-02,2023-12-09,2,0,2023-11-21,Reservation
True,2023-11-16,2023-12-09,2,0,2023-12-06,Reservation
True,2023-11-13,2023-12-10,24,0,2023-12-01,Reservation
True,2023-10-29,2023-12-10,5,0,2023-11-18,Reservation
True,2023-10-08,2023-12-10,1,0,2023-11-04,Reservation
True,2023-10-07,2023-12-10,1,0,2023-10-25,Reservation
True,2023-11-18,2023-12-10,3,0,2023-11-29,Reservation
True,2023-09-24,2023-12-10,3,0,2023-10-11,Reservation
True,2023-09-27,2023-12-11,8,0,2023-10-17,Reservation
True,2023-10-28,2023-12-11,3,0,2023-11-18,Reservation
True,2023-11-19,2023-12-11,1,1,,Reservation
True,2023-10-07,2023-12-11,3,0,2023-10-18,Reservation
True,2023-10-29,2023-12-11,6,0,2023-11-22,Reservation
True,2023-11-09,2023-12-11,2,0,2023-12-03,Reservation
True,2023-09-24,2023-12-12,2,0,2023-10-10,Reservation
True,2023-10-23,2023-12-12,5,0,2023-11-12,Reservation
True,2023-10-01,2023-12-12,2,0,2023-10-20,Reservation
True,2023-10-18,2023-12-12,7,0,2023-11-11,Reservation
True,2023-10-05,2023-12-13,2,0,2023-10-25,Reservation
True,2023-10-21,2023-12-13,3,0,2023-11-14,Reservation
True,2023-10-25,2023-12-13,4,0,2023-11-14,Reservation
True,2023-11-08,2023-12-14,6,0,2023-12-02,Reservation
True,2023-10-15,2023-12-14,2,0,2023-10-28,Reservation
True,2023-11-12,2023-12-14,13,0,2023-12-10,Reservation
True,2023-10-11,2023-12-14,3,0,2023-10-22,Reservation
True,2023-10-22,2023-12-14,4,0,2023-11-03,Reservation
True,2023-11-16,2023-12-14,3,0,2023-12-14,Reservation
True,2023-10-30,2023-12-14,10,0,2023-11-25,Reservation
True,2023-10-09,2023-12-14,2,0,2023-10-30,Reservation
True,2023-11-14,2023-12-14,2,0,2023-12-05,Reservation
True,2023-11-08,2023-12-14,8,0,2023-11-27,Reservation
True,2023-10-30,2023-12-15,3,0,2023-11-18,Reservation
True,2023-10-15,2023-12-15,5,0,2023-11-08,Reservation
True,2023-09-29,2023-12-15,3,0,2023-10-28,Reservation
True,2023-10-27,2023-12-15,11,0,2023-11-26,Reservation
True,2023-11-07,2023-12-16,4,0,2023-11-27,Reservation
True,2023-10-06,2023-12-16,1,0,2023-10-30,Reservation
True,2023-11-10,2023-12-16,10,0,2023-12-12,Reservation
True,2023-11-02,2023-12-16,9,0,2023-11-21,Reservation
True,2023-11-19,2023-12-16,11,0,2023-12-16,Reservation
True,2023-10-13,2023-12-16,2,0,2023-11-02,Reservation
True,2023-11-09,2023-12-17,1,0,2023-11-24,Reservation
True,2023-11-12,2023-12-17,2,0,2023-11-26,Reservation
True,2023-11-17,2023-12-17,6,0,2023-12-03,Reservation
True,2023-10-30,2023-12-17,3,0,2023-11-25,Reservation
True,2023-11-24,2023-12-17,2,0,2023-12-16,Reservation
True,2023-11-18,2023-12-17,2,0,2023-12-17,Reservation
True,2023-11-04,2023-12-17,6,0,2023-11-25,Reservation
True,2023-11-10,2023-12-17,4,0,2023-11-29,Reservation
True,2023-10-01,2023-12-17,6,0,2023-10-17,Reservation
True,2023-10-25,2023-12-18,12,0,2023-11-16,Reservation
True,2023-10-02,2023-12-18,1,0,2023-10-23,Reservation
True,2023-10-29,2023-12-18,8,0,2023-11-16,Reservation
True,2023-11-13,2023-12-18,6,0,2023-12-05,Reservation
True,2023-11-07,2023-12-18,2,0,2023-11-22,Reservation
True,2023-10-25,2023-12-18,1,0,2023-11-22,Reservation
True,2023-11-06,2023-12-18,5,0,2023-11-27,Reservation
True,2023-10-22,2023-12-18,3,0,2023-11-10,Reservation
True,2023-11-16,2023-12-19,4,0,2023-12-04,Reservation
True,2023-10-19,2023-12-19,4,0,2023-10-29,Reservation
True,2023-10-14,2023-12-19,1,0,2023-11-06,Reservation
True,2023-10-21,2023-12-19,8,0,2023-11-12,Reservation
True,2023-11-08,2023-12-19,9,0,2023-11-26,Reservation
True,2023-10-09,2023-12-19,5,0,2023-10-30,Reservation
True,2023-10-10,2023-12-19,3,0,2023-10-30,Reservation
True,2023-10-28,2023-12-19,7,0,2023-11-08,Reservation
True,2023-10-25,2023-12-19,7,0,2023-11-14,Reservation
True,2023-11-12,2023-12-20,4,0,2023-12-01,Reservation
True,2023-10-28,2023-12-20,9,0,2023-11-16,Reservation
True,2023-10-28,2023-12-20,12,0,2023-11-09,Reservation
True,2023-11-16,2023-12-20,6,0,2023-12-01,Reservation
True,2023-10-28,2023-12-21,2,0,2023-11-02,Reservation
True,2023-11-07,2023-12-21,2,0,2023-11-27,Reservation
True,2023-11-28,2023-12-22,4,0,2023-12-10,Reservation
True,2023-11-01,2023-12-22,3,0,2023-12-02,Reservation
True,2023-11-08,2023-12-22,12,0,2023-12-04,Reservation
True,2023-11-15,2023-12-22,8,0,2023-12-07,Reservation
True,2023-10-20,2023-12-23,2,0,2023-11-12,Reservation
True,2023-10-21,2023-12-23,1,0,2023-11-07,Reservation
True,2023-11-05,2023-12-23,1,0,2023-11-18,Reservation
True,2023-10-21,2023-12-23,2,0,2023-11-21,Reservation
True,2023-11-12,2023-12-24,9,0,2023-11-27,Reservation
True,2023-11-14,2023-12-24,5,0,2023-12-03,Reservation
True,2023-10-16,2023-12-24,13,0,2023-11-14,Reservation
True,2023-11-18,2023-12-25,1,0,2023-12-12,Reservation
True,2023-10-18,2023-12-25,10,0,2023-10-30,Reservation
True,2023-12-05,2023-12-25,1,0,2023-12-25,Reservation
True,2023-12-02,2023-12-25,2,0,2023-12-10,Reservation
True,2023-10-27,2023-12-25,3,0,2023-11-19,Reservation
True,2023-11-22,2023-12-25,3,0,2023-12-11,Reservation
True,2023-11-02,2023-12-25,11,0,2023-11-17,Reservation
True,2023-10-29,2023-12-25,2,0,2023-11-18,Reservation
True,2023-11-03,2023-12-25,4,0,2023-11-27,Reservation
True,2023-11-24,2023-12-25,3,0,2023-12-21,Reservation
True,2023-11-09,2023-12-26,9,0,2023-12-04,Reservation
True,2023-11-11,2023-12-26,3,0,2023-11-28,Reservation
True,2023-10-20,2023-12-26,1,0,2023-11-07,Reservation
True,2023-11-15,2023-12-26,3,0,2023-11-29,Reservation
True,2023-11-30,2023-12-26,1,0,2023-12-23,Reservation
True,2023-11-29,2023-12-26,12,0,2023-12-18,Reservation
True,2023-12-03,2023-12-27,5,0,2023-12-15,Reservation
True,2023-10-30,2023-12-27,9,0,2023-11-14,Reservation
True,2023-10-18,2023-12-27,3,0,2023-10-30,Reservation
True,2023-10-25,2023-12-27,6,0,2023-11-09,Reservation
True,2023-11-24,2023-12-27,2,0,2023-12-12,Reservation
True,2023-11-16,2023-12-27,7,0,2023-11-29,Reservation
True,2023-11-29,2023-12-27,6,0,2023-12-15,Reservation
True,2023-10-22,2023-12-28,1,0,2023-11-05,Reservation
True,2023-10-29,2023-12-28,6,0,2023-11-11,Reservation
True,2023-10-25,2023-12-28,5,0,2023-11-14,Reservation
True,2023-10-15,2023-12-28,1,0,2023-11-07,Reservation
True,2023-11-16,2023-12-29,6,0,2023-12-10,Reservation
True,2023-11-19,2023-12-29,4,0,2023-12-08,Reservation
True,2023-11-30,2023-12-29,5,0,2023-12-17,Reservation
True,2023-10-30,2023-12-29,2,0,2023-11-18,Reservation
True,2023-10-30,2023-12-30,7,0,2023-11-19,Reservation
True,2023-11-05,2023-12-30,1,0,2023-11-22,Reservation
True,2023-11-27,2023-12-30,3,0,2023-12-13,Reservation
True,2023-10-14,2023-12-30,1,0,2023-11-05,Reservation
True,2023-11-23,,6,0,2023-12-19,Reservation
True,2023-11-28,,5,0,2023-12-27,Reservation
True,2023-11-12,,2,0,2023-11-29,Reservation
True,2023-12-10,,2,1,,Reservation
True,2023-11-09,,3,0,2023-11-24,Reservation
True,2023-10-23,,14,0,2023-11-05,Reservation
True,2023-11-19,,8,0,2023-12-01,Reservation
True,2023-12-13,,3,0,,Reservation
True,2023-11-10,,1,0,2023-11-25,Reservation
True,2023-11-15,,3,0,2023-12-01,Reservation
True,2023-11-27,,1,0,2023-12-15,Reservation
True,2023-11-01,,6,0,2023-11-28,Reservation
True,2023-10-16,,7,0,2023-11-04,Reservation
True,2023-12-05,,6,0,2023-12-24,Reservation
True,2023-10-27,,6,0,2023-11-22,Reservation
True,2023-10-24,,5,0,2023-11-06,Reservation
True,2023-10-20,,2,0,2023-11-17,Reservation
True,2023-12-02,,2,0,2023-12-21,Reservation
True,2023-10-17,,1,0,2023-11-05,Reservation
True,2023-11-21,,7,0,2023-12-12,Reservation
True,2023-11-14,,22,0,2023-11-26,Reservation
True,2023-11-23,,5,0,2023-12-19,Reservation
True,2023-11-14,,6,0,2023-12-04,Reservation
True,2023-12-15,,2,0,2023-12-27,Reservation
True,2023-12-15,,2,0,,Reservation
